,School,Years,AllTimeGames,AllTimeWins,AllTimeLosses,AllTimeWinPct,AllTimeSRS,AllTimeSOS,FinalPoll,RegSeasonConfChampCount,ConfChampPostCount,NCAAAppCount,NCAAFinalFourCount,NCAAChampCount,Games2023,Wins2023,Losses2023,WinPct2023,SRS2023,SOS2023,ConfWins2023,ConfLosses2023,HomeWins2023,HomeLosses2023,AwayWins2023,AwayLosses2023,Points2023,OppPoints2023,MinutesPlayed2023,FGM2023,FGA2023,FGPct2023,3PM2023,3PA2023,3PPct2023,FTM2023,FTA2023,FTPct2023,OffReb2023,TotReb2023,Assists2023,Steals2023,Blocks2023,Turnovers2023,Fouls2023
0,Abilene Christian,15,431,231,200,0.536,-7.61,-5.38,0,0,2,2,0,0,34,16,18,0.471,-4.12,-1.12,10.0,10.0,8,6,5,10,2452,2500,1375,861,1987,0.433,180,530,0.34,550,757,0.727,329,1139,431,262,72,434,665
1,Air Force,68,1852,795,1057,0.429,-2.85,1.26,0,1,0,4,0,0,31,9,22,0.29,-4.77,1.43,2.0,16.0,4,12,5,8,2051,2243,1250,727,1604,0.453,273,757,0.361,324,475,0.682,225,872,451,202,122,372,541
2,Akron,74,1725,1032,693,0.598,0.04,-1.56,0,9,6,6,0,0,35,24,11,0.686,2.77,-2.08,13.0,5.0,13,1,7,6,2577,2316,1405,915,2018,0.453,280,863,0.324,467,642,0.727,363,1278,455,197,100,394,583
3,Alabama,112,2904,1800,1103,0.62,8.15,5.04,18,10,9,25,1,0,37,25,12,0.676,20.69,11.8,13.0,5.0,14,2,5,5,3335,3006,1490,1136,2385,0.476,413,1108,0.373,650,842,0.772,472,1467,587,256,162,438,734
4,Alabama A&M,26,732,281,451,0.384,-16.83,-10.83,0,1,1,1,0,0,35,12,23,0.343,-14.35,-7.52,9.0,9.0,7,5,4,15,2414,2653,1405,806,1918,0.42,148,516,0.287,654,906,0.722,394,1248,369,261,136,565,727
5,Alabama State,43,1248,578,670,0.463,-13.07,-9.56,0,4,4,4,0,0,32,13,19,0.406,-11.73,-6.87,8.0,10.0,7,5,3,13,2195,2221,1303,772,2087,0.37,223,793,0.281,428,592,0.723,453,1265,345,277,123,361,609
6,Albany (NY),26,776,372,404,0.479,-7.29,-6.07,0,2,5,5,0,0,32,13,19,0.406,-6.6,-5.22,5.0,11.0,8,5,5,13,2517,2521,1285,918,2059,0.446,250,757,0.33,431,594,0.726,364,1153,411,266,101,425,621
7,Alcorn State,48,1401,607,794,0.433,-13.61,-8.32,0,12,6,6,0,0,32,14,18,0.438,-11.58,-5.61,13.0,5.0,7,3,7,14,2300,2477,1285,818,1851,0.442,166,492,0.337,498,699,0.712,360,1086,371,220,56,370,567
8,American,59,1648,807,841,0.49,-5.94,-3.98,0,7,3,3,0,0,32,16,16,0.5,-8.96,-8.79,10.0,8.0,8,7,8,9,2200,2176,1291,782,1740,0.449,279,794,0.351,355,492,0.722,287,1043,449,186,54,347,527
9,Appalachian State,52,1523,760,763,0.499,-5.49,-3.23,0,11,3,3,0,0,34,27,7,0.794,6.04,-2.34,16.0,2.0,15,0,8,5,2665,2283,1390,997,2100,0.475,224,674,0.332,447,657,0.68,373,1416,498,209,230,365,449
10,Arizona,118,2895,1916,978,0.662,9.66,5.24,30,26,9,38,4,1,36,27,9,0.75,24.54,9.45,15.0,5.0,15,1,7,4,3137,2594,1465,1124,2321,0.484,284,776,0.366,605,844,0.717,471,1533,665,300,133,430,590
11,Arizona State,110,2703,1439,1264,0.532,5.28,4.28,7,8,0,17,0,0,32,14,18,0.438,4.58,9.55,8.0,12.0,10,5,3,8,2209,2368,1285,791,1901,0.416,215,716,0.3,412,629,0.655,269,1064,385,263,117,335,532
12,Arkansas,102,2821,1805,1016,0.64,8.03,3.39,18,24,7,35,6,1,33,16,17,0.485,6.12,8.15,6.0,12.0,12,6,2,7,2566,2633,1340,859,1898,0.453,199,625,0.318,649,859,0.756,281,1139,387,198,201,395,655
13,Arkansas State,55,1583,810,773,0.512,-3.54,-2.92,0,7,1,1,0,0,37,20,17,0.541,0.28,-1.53,11.0,7.0,10,3,5,11,2917,2850,1485,1021,2313,0.441,341,991,0.344,534,761,0.702,489,1419,536,207,163,414,644
14,Arkansas-Pine Bluff,27,794,234,560,0.295,-19.62,-7.75,0,0,1,1,0,0,31,13,18,0.419,-15.56,-7.6,8.0,10.0,8,6,5,12,2483,2536,1240,813,1821,0.446,337,898,0.375,520,682,0.762,261,1073,467,183,67,413,568
15,Army,123,2642,1309,1333,0.495,-9.15,-4.74,0,0,0,0,0,0,32,10,22,0.313,-14.67,-8.93,6.0,12.0,6,11,4,11,1930,2059,1295,707,1747,0.405,252,788,0.32,264,449,0.588,308,1088,401,184,126,389,506
16,Auburn,119,2736,1485,1250,0.543,6.48,4.51,10,5,3,13,1,0,35,27,8,0.771,22.46,7.66,13.0,5.0,15,1,5,5,2909,2391,1400,1010,2121,0.476,280,795,0.352,609,812,0.75,393,1323,622,258,215,374,678
17,Austin Peay,62,1770,882,888,0.498,-5.66,-3.38,1,8,5,7,0,0,35,19,16,0.543,-6.13,-4.85,10.0,6.0,14,3,4,12,2619,2561,1425,941,2105,0.447,277,768,0.361,460,652,0.706,378,1188,388,250,95,308,615
18,Ball State,54,1568,830,738,0.529,-1.27,-0.95,1,12,7,7,0,0,31,15,16,0.484,-6.68,-5.93,7.0,11.0,9,7,6,8,2280,2200,1255,769,1726,0.446,232,641,0.362,510,665,0.767,294,1082,385,170,96,374,469
19,Baylor,119,2894,1484,1410,0.513,2.91,3.03,11,7,0,16,3,1,35,24,11,0.686,19.5,10.71,11.0,7.0,15,2,4,5,2814,2489,1430,967,2001,0.483,301,773,0.389,579,791,0.732,399,1229,514,236,110,421,577
20,Bellarmine,5,127,59,68,0.465,-7.08,-1.89,0,0,1,0,0,0,31,8,23,0.258,-11.79,-2.47,4.0,12.0,6,7,2,16,2153,2320,1250,797,1837,0.434,238,698,0.341,321,412,0.779,245,1002,420,164,60,297,486
21,Belmont,26,804,539,265,0.67,1.64,-3.34,0,14,8,8,0,0,33,20,13,0.606,2.79,1.44,12.0,8.0,12,2,6,9,2570,2493,1325,922,1939,0.476,301,811,0.371,425,588,0.723,237,1130,504,248,101,402,511
22,Bethune-Cookman,44,1289,473,816,0.367,-16.31,-9.54,0,2,0,0,0,0,34,17,17,0.5,-11.87,-8.87,11.0,7.0,11,2,5,11,2479,2467,1375,860,1994,0.431,199,620,0.321,560,742,0.755,356,1139,414,351,117,471,696
23,Binghamton,24,692,253,439,0.366,-11.22,-5.38,0,1,1,1,0,0,30,15,15,0.5,-9.29,-5.21,7.0,9.0,10,4,5,11,2163,2167,1210,801,1738,0.461,164,536,0.306,397,595,0.667,313,1156,435,150,113,366,498
24,Boise State,54,1583,901,682,0.569,1.41,-0.07,1,7,6,10,0,0,33,22,11,0.667,13.31,7.35,13.0,5.0,13,3,7,3,2479,2221,1330,858,1913,0.449,258,759,0.34,505,686,0.736,384,1231,404,189,78,366,550
25,Boston College,80,2245,1215,1030,0.541,3.14,3.29,8,6,2,18,0,0,36,20,16,0.556,9.48,7.25,8.0,12.0,10,6,7,7,2667,2587,1450,982,2155,0.456,299,826,0.362,404,539,0.75,338,1271,509,212,124,376,566
26,Boston University,99,2291,1176,1115,0.513,-6.78,-5.46,0,8,7,7,0,0,33,16,17,0.485,-9.93,-8.49,10.0,8.0,9,7,7,10,2193,2198,1335,768,1856,0.414,254,763,0.333,403,562,0.717,309,1167,427,216,102,384,571
27,Bowling Green State,110,2733,1469,1264,0.538,-0.8,-0.16,2,9,0,4,0,0,34,20,14,0.588,-4.93,-5.52,10.0,8.0,12,5,5,7,2502,2414,1385,882,2045,0.431,216,730,0.296,522,730,0.715,386,1292,383,221,96,392,533
28,Bradley,121,3043,1777,1266,0.584,4.82,2.81,12,8,4,9,2,0,35,23,12,0.657,9.48,2.96,13.0,7.0,14,3,6,7,2592,2348,1415,943,1999,0.472,306,835,0.366,400,550,0.727,324,1214,463,250,144,423,578
29,Brigham Young,123,3094,1945,1149,0.629,8.08,3.64,12,25,3,31,0,0,34,23,11,0.676,19.33,7.86,10.0,8.0,16,2,3,7,2768,2378,1360,992,2155,0.46,378,1087,0.348,406,547,0.742,405,1343,629,202,101,364,602
30,Brown,118,2696,1105,1591,0.41,-10.47,-4.58,0,1,0,2,0,0,31,13,18,0.419,-3.6,-1.73,8.0,6.0,5,7,6,8,2212,2227,1261,782,1818,0.43,254,745,0.341,394,603,0.653,367,1154,417,196,131,385,519
31,Bryant,15,436,191,245,0.438,-8.66,-5.54,0,1,1,1,0,0,33,20,13,0.606,-3.06,-3.54,11.0,5.0,11,3,8,10,2598,2488,1330,954,2087,0.457,273,806,0.339,417,623,0.669,259,1246,487,230,213,393,557
32,Bucknell,130,2830,1507,1323,0.533,-8.29,-6.73,0,18,8,8,0,0,33,14,19,0.424,-8.33,-6.39,10.0,8.0,6,8,8,11,2153,2217,1335,758,1770,0.428,269,795,0.338,368,514,0.716,276,1073,399,202,113,405,559
33,Buffalo,56,1364,692,672,0.507,-4.87,-2.33,1,5,4,4,0,0,31,4,27,0.129,-15.12,-2.82,2.0,16.0,2,13,2,11,2108,2471,1245,770,1830,0.421,207,746,0.277,361,504,0.716,323,1082,415,188,141,450,484
34,Butler,127,2904,1682,1222,0.579,2.31,3.46,8,13,7,16,2,0,33,18,15,0.545,12.18,9.49,9.0,11.0,12,6,4,7,2544,2432,1350,922,2036,0.453,276,778,0.355,424,536,0.791,308,1162,499,204,110,361,454
35,Cal Poly,31,891,331,560,0.371,-6.97,-1.43,0,1,1,1,0,0,32,4,28,0.125,-13.64,-2.28,0.0,20.0,3,11,0,16,2037,2371,1295,719,1778,0.404,198,598,0.331,401,569,0.705,283,1000,314,173,117,405,614
36,Cal State Bakersfield,15,444,209,235,0.471,-4.89,-2.69,0,1,1,1,0,0,32,13,19,0.406,-5.37,-2.17,8.0,12.0,10,4,2,13,2199,2214,1295,807,1861,0.434,150,476,0.315,435,602,0.723,382,1109,335,220,114,389,652
37,Cal State Fullerton,51,1465,698,767,0.476,-2.1,-0.27,0,2,4,4,0,0,32,14,18,0.438,-5.15,-1.15,7.0,13.0,7,7,6,10,2172,2212,1285,740,1717,0.431,207,627,0.33,485,685,0.708,269,1048,284,214,98,393,571
38,Cal State Northridge,35,1023,432,591,0.422,-5.56,-2.0,0,3,2,2,0,0,34,19,15,0.559,-4.78,-4.13,9.0,11.0,9,7,9,7,2551,2503,1365,940,2065,0.455,165,537,0.307,506,757,0.668,402,1362,472,253,114,481,707
39,California,116,2968,1678,1290,0.565,6.87,6.12,5,14,0,19,3,1,32,13,19,0.406,4.94,8.0,9.0,11.0,10,6,3,8,2367,2465,1310,833,1980,0.421,281,831,0.338,420,578,0.727,343,1189,387,193,83,370,552
40,California Baptist,7,194,106,88,0.546,-2.32,-3.22,0,0,0,0,0,0,33,16,17,0.485,-2.32,-2.26,8.0,12.0,11,7,4,9,2222,2197,1330,762,1857,0.41,220,674,0.326,478,700,0.683,397,1241,372,133,87,392,524
41,Campbell,48,1374,585,789,0.426,-12.0,-6.88,0,2,1,1,0,0,32,14,18,0.438,-10.62,-5.66,8.0,10.0,11,6,3,11,2272,2307,1295,806,1740,0.463,232,673,0.345,428,590,0.725,246,1040,425,202,77,383,485
42,Canisius,121,2721,1361,1360,0.5,-4.13,-1.8,1,8,1,4,0,0,32,14,18,0.438,-7.95,-4.89,8.0,12.0,8,4,3,12,2252,2307,1290,841,1910,0.44,232,690,0.336,338,541,0.625,384,1181,401,192,111,432,520
43,Central Arkansas,15,430,129,301,0.3,-14.36,-4.25,0,0,0,0,0,0,32,9,23,0.281,-15.7,-5.64,5.0,11.0,5,10,4,13,2309,2502,1285,817,1965,0.416,256,747,0.343,419,566,0.74,359,1165,437,225,105,407,548
44,Central Connecticut State,39,1115,442,673,0.396,-12.65,-7.59,0,4,3,3,0,0,31,20,11,0.645,-8.15,-10.15,13.0,3.0,11,4,9,7,2237,2061,1250,810,1798,0.451,208,645,0.322,409,577,0.709,298,1111,444,232,150,349,423
45,Central Michigan,52,1480,648,832,0.438,-4.27,-0.51,0,8,2,4,0,0,32,18,14,0.563,-8.07,-3.59,12.0,6.0,10,3,7,9,2127,2242,1315,790,1880,0.42,200,660,0.303,347,526,0.66,339,1162,364,192,119,384,527
46,Charleston Southern,51,1446,582,864,0.402,-13.16,-6.74,0,4,4,1,0,0,30,10,20,0.333,-12.03,-1.59,6.0,10.0,7,7,3,12,2028,2210,1200,715,1727,0.414,208,629,0.331,390,530,0.736,301,1066,306,115,90,366,512
47,Charlotte,53,1557,853,704,0.548,3.04,1.84,2,6,5,11,1,0,31,19,12,0.613,4.09,2.42,13.0,5.0,13,2,5,7,2131,2034,1250,748,1655,0.452,201,635,0.317,434,576,0.753,260,1006,407,168,105,301,479
48,Chattanooga,48,1463,884,579,0.604,-2.32,-3.53,1,20,12,12,0,0,33,21,12,0.636,-0.21,-3.85,12.0,6.0,12,4,8,7,2581,2362,1335,892,1915,0.466,349,971,0.359,448,601,0.745,305,1206,447,208,121,393,524
49,Chicago State,41,1166,304,862,0.261,-15.67,-2.05,0,0,1,0,0,0,32,13,19,0.406,-9.34,-3.03,,,6,5,5,12,2224,2258,1285,771,1816,0.425,201,641,0.314,481,676,0.712,389,1074,354,277,103,422,559
50,Cincinnati,124,2997,1916,1081,0.639,11.66,4.95,25,25,12,33,6,2,37,22,15,0.595,15.06,8.49,7.0,11.0,16,5,4,8,2765,2522,1500,1023,2310,0.443,280,849,0.33,439,638,0.688,492,1460,540,240,164,445,555
51,Clemson,114,2803,1435,1366,0.512,5.98,4.41,7,1,1,14,0,0,36,24,12,0.667,16.2,10.04,11.0,9.0,12,4,6,6,2785,2563,1450,991,2115,0.469,296,844,0.351,507,650,0.78,326,1308,533,165,138,363,585
52,Cleveland State,53,1549,778,771,0.502,-3.61,-1.86,0,6,3,3,0,0,36,21,15,0.583,-3.47,-4.44,11.0,9.0,14,3,6,10,2717,2622,1450,1005,2246,0.447,232,697,0.333,475,711,0.668,455,1267,477,297,140,370,658
53,Coastal Carolina,39,1152,580,572,0.503,-7.83,-6.0,0,7,5,4,0,0,31,9,22,0.29,-10.47,-2.88,5.0,13.0,7,12,1,9,2280,2434,1250,835,1880,0.444,201,626,0.321,409,616,0.664,353,1250,395,178,97,420,496
54,Colgate,125,2846,1396,1450,0.491,-10.17,-5.61,0,9,7,7,0,0,35,25,10,0.714,-0.31,-5.55,16.0,2.0,13,3,10,5,2498,2242,1400,929,1979,0.469,272,757,0.359,368,540,0.681,286,1245,526,227,122,368,468
55,College of Charleston,34,1037,716,321,0.69,1.22,-3.82,2,15,6,7,0,0,35,27,8,0.771,4.09,-2.38,15.0,3.0,13,2,10,2,2832,2575,1405,1006,2278,0.442,368,1072,0.343,452,626,0.722,457,1392,536,219,108,348,558
56,Colorado,122,2706,1433,1273,0.53,5.62,6.04,6,19,1,16,2,0,37,26,11,0.703,15.95,8.36,13.0,7.0,16,1,4,7,2935,2654,1495,1049,2121,0.495,254,649,0.391,583,744,0.784,368,1367,600,221,80,467,548
57,Colorado State,121,2705,1375,1330,0.508,3.07,2.44,1,6,1,12,0,0,36,25,11,0.694,13.4,7.28,10.0,8.0,15,2,4,7,2707,2422,1450,980,2024,0.484,264,781,0.338,483,642,0.752,283,1203,648,226,113,376,613
58,Columbia,124,2738,1340,1398,0.489,-7.76,-5.19,2,13,0,3,0,0,27,13,14,0.481,-5.43,-3.72,4.0,10.0,9,6,4,8,2078,1956,1080,749,1597,0.469,231,616,0.375,349,477,0.732,265,964,471,209,62,330,437
59,Connecticut,119,2787,1786,1001,0.641,7.33,1.29,19,28,9,36,7,6,40,37,3,0.925,26.7,8.7,18.0,2.0,16,0,9,3,3256,2536,1600,1177,2367,0.497,340,951,0.358,562,756,0.743,469,1553,748,246,217,383,650
60,Coppin State,40,1187,517,670,0.436,-11.64,-7.74,0,11,4,4,0,0,29,2,27,0.069,-21.46,-6.49,1.0,13.0,2,8,0,17,1678,2112,1170,585,1571,0.372,153,540,0.283,355,489,0.726,283,873,240,222,81,455,513
61,Cornell,126,2821,1327,1494,0.47,-7.43,-4.4,0,8,0,5,0,0,30,22,8,0.733,3.58,-1.59,11.0,3.0,10,1,10,6,2463,2241,1200,895,1836,0.487,310,892,0.348,363,502,0.723,287,1063,544,250,79,366,549
62,Creighton,105,2759,1685,1074,0.611,4.55,3.67,7,16,12,25,0,0,35,25,10,0.714,20.07,9.53,14.0,6.0,14,2,8,5,2815,2446,1435,1016,2101,0.484,375,1018,0.368,408,518,0.788,294,1334,588,134,143,372,403
63,Dartmouth,124,2948,1348,1598,0.458,-10.84,-5.09,0,12,0,7,2,0,27,6,21,0.222,-13.99,-1.31,2.0,12.0,6,7,0,14,1670,1940,1080,594,1447,0.411,191,626,0.305,291,422,0.69,200,898,332,120,95,344,374
64,Davidson,116,2836,1553,1283,0.548,-2.35,-2.52,6,25,13,15,0,0,32,15,17,0.469,3.63,3.3,5.0,13.0,9,7,4,8,2242,2174,1300,783,1816,0.431,235,749,0.314,441,602,0.733,295,1109,403,207,112,338,511
65,Dayton,120,2929,1766,1163,0.603,7.24,3.23,9,6,2,19,1,0,33,25,8,0.758,13.45,5.73,14.0,4.0,15,0,6,5,2448,2193,1325,831,1752,0.474,310,777,0.399,476,643,0.74,265,1107,483,182,129,343,447
66,Delaware,84,2046,1023,1022,0.5,-8.14,-5.86,0,4,6,6,0,0,33,19,14,0.576,-1.68,-4.3,10.0,8.0,8,5,8,6,2416,2299,1325,891,1917,0.465,227,678,0.335,407,576,0.707,304,1178,454,178,100,356,496
67,Delaware State,52,1480,565,915,0.382,-16.82,-9.74,0,3,1,1,0,0,34,15,19,0.441,-10.51,-7.58,6.0,8.0,7,5,4,11,2401,2415,1385,851,1961,0.434,158,494,0.32,541,766,0.706,385,1170,413,285,66,503,574
68,Denver,102,2233,996,1237,0.446,-4.48,-0.97,0,4,0,0,0,0,34,17,17,0.5,-7.39,-4.82,6.0,10.0,10,4,4,11,2755,2737,1385,946,2103,0.45,294,845,0.348,569,779,0.73,348,1213,444,211,132,340,573
69,DePaul,102,2645,1523,1122,0.576,6.04,5.84,12,2,0,22,2,0,32,3,29,0.094,-6.23,10.8,0.0,20.0,3,15,0,11,2071,2616,1280,725,1714,0.423,200,597,0.335,421,574,0.733,233,951,392,168,99,435,482
70,Detroit Mercy,116,2806,1469,1337,0.524,-0.42,0.75,2,2,3,6,0,0,32,1,31,0.031,-16.9,-2.62,1.0,19.0,1,11,0,20,2111,2568,1290,761,1806,0.421,187,666,0.281,402,547,0.735,286,945,346,222,78,427,553
71,Drake,119,2901,1376,1525,0.474,1.56,2.83,5,9,3,7,1,0,35,28,7,0.8,11.08,1.84,16.0,4.0,16,0,6,5,2797,2463,1435,992,2079,0.477,300,819,0.366,513,681,0.753,278,1202,559,226,56,337,570
72,Drexel,55,1509,827,682,0.548,-3.32,-4.45,0,7,5,5,0,0,32,20,12,0.625,1.14,-3.64,13.0,5.0,13,1,6,10,2346,2130,1295,861,1886,0.457,216,628,0.344,408,565,0.722,369,1253,406,161,127,346,491
73,Duke,120,3236,2305,931,0.712,16.5,6.77,52,23,27,46,17,5,36,27,9,0.75,20.67,8.36,15.0,5.0,15,3,7,4,2830,2387,1440,1004,2112,0.475,298,791,0.377,524,725,0.723,383,1319,551,235,132,349,571
74,Duquesne,109,2682,1484,1198,0.553,1.93,1.97,7,2,2,6,1,0,37,25,12,0.676,7.35,4.68,10.0,8.0,13,4,5,6,2611,2467,1480,921,2110,0.436,279,821,0.34,490,681,0.72,389,1288,497,277,160,433,634
75,East Carolina,59,1668,736,932,0.441,-4.35,-0.97,0,0,2,2,0,0,33,15,18,0.455,-0.62,1.32,7.0,11.0,11,9,3,7,2287,2319,1330,803,1903,0.422,218,696,0.313,463,669,0.692,393,1154,406,260,92,358,516
76,East Tennessee State,67,1909,1042,867,0.546,-3.88,-3.39,1,11,10,10,0,0,35,19,16,0.543,-3.11,-2.74,8.0,10.0,10,4,5,11,2502,2435,1405,866,2131,0.406,272,876,0.311,498,730,0.682,486,1350,399,269,163,433,638
77,East Texas A&M,3,74,27,47,0.365,-12.26,-1.92,0,0,0,0,0,0,33,13,20,0.394,-14.52,-5.19,6.0,12.0,8,7,4,12,2361,2462,1365,829,1996,0.415,288,922,0.312,415,592,0.701,316,1075,457,262,164,385,582
78,Eastern Illinois,44,1276,568,708,0.445,-8.07,-4.18,0,0,3,2,0,0,32,14,18,0.438,-11.6,-6.5,8.0,10.0,9,6,4,11,2204,2172,1280,822,1951,0.421,179,560,0.32,381,521,0.731,349,1131,413,258,95,331,567
79,Eastern Kentucky,75,2022,1001,1021,0.495,-4.65,-2.74,0,9,5,8,0,0,31,17,14,0.548,-5.42,-4.49,12.0,4.0,13,4,4,10,2504,2371,1245,917,1993,0.46,243,678,0.358,427,628,0.68,410,1244,453,196,190,356,502
80,Eastern Michigan,53,1540,717,823,0.466,-3.89,-0.57,0,5,4,4,0,0,31,13,18,0.419,-12.76,-5.07,6.0,12.0,9,6,4,11,2047,2252,1255,783,1825,0.429,178,585,0.304,303,454,0.667,321,1069,321,179,77,361,508
81,Eastern Washington,42,1215,551,664,0.453,-5.45,-2.04,0,6,3,3,0,0,32,21,11,0.656,-1.03,-2.99,15.0,3.0,11,1,10,9,2586,2407,1285,894,1783,0.501,273,749,0.364,525,681,0.771,258,1083,562,191,115,422,579
82,Elon,26,774,324,450,0.419,-8.15,-3.59,0,2,0,0,0,0,32,13,19,0.406,-11.43,-5.46,6.0,12.0,8,6,3,12,2339,2413,1280,824,1848,0.446,275,781,0.352,416,588,0.707,331,1082,418,201,85,379,503
83,Evansville,52,1467,756,711,0.515,0.31,1.03,0,6,4,5,0,0,35,17,18,0.486,-3.69,0.75,6.0,14.0,10,5,4,11,2481,2562,1410,915,2043,0.448,237,705,0.336,414,577,0.718,270,1178,451,227,108,406,535
84,Fairfield,61,1741,845,896,0.485,-4.7,-3.14,0,3,3,3,0,0,37,24,13,0.649,-3.17,-6.53,14.0,6.0,10,4,10,6,2794,2626,1480,991,2221,0.446,342,943,0.363,470,620,0.758,368,1239,497,314,82,394,531
85,FDU,58,1622,769,853,0.474,-10.29,-6.91,0,6,6,7,0,0,32,15,17,0.469,-14.41,-9.27,9.0,7.0,7,7,8,9,2430,2482,1290,843,2012,0.419,268,812,0.33,476,680,0.7,364,1191,484,263,81,408,571
86,Florida,104,2715,1534,1180,0.565,8.36,5.08,15,7,4,24,5,2,36,24,12,0.667,15.17,8.81,11.0,7.0,14,1,3,7,3080,2851,1465,1077,2351,0.458,280,812,0.345,646,903,0.715,527,1522,546,241,189,420,664
87,Florida A&M,46,1327,502,825,0.378,-15.61,-8.29,0,0,4,3,0,0,29,6,23,0.207,-15.82,-4.19,4.0,14.0,4,8,2,14,1949,2240,1180,727,1679,0.433,170,495,0.343,325,464,0.7,278,1002,414,173,82,442,541
88,Florida Atlantic,32,943,393,550,0.417,-6.58,-2.65,1,2,2,3,1,0,34,25,9,0.735,13.26,4.61,14.0,4.0,13,1,5,5,2789,2495,1390,992,2074,0.478,284,810,0.351,521,724,0.72,396,1294,505,244,105,388,546
89,Florida Gulf Coast,15,459,255,204,0.556,-2.99,-3.39,0,3,3,3,0,0,32,14,18,0.438,-6.28,-3.94,8.0,8.0,9,5,4,10,2253,2276,1285,827,1817,0.455,250,704,0.355,349,502,0.695,316,1098,375,193,108,363,464
90,Florida International,38,1114,449,665,0.403,-7.85,-3.11,0,1,1,1,0,0,33,11,22,0.333,-8.01,-2.17,5.0,11.0,9,6,1,12,2429,2525,1325,882,2019,0.437,284,840,0.338,381,569,0.67,344,1044,465,337,135,451,595
91,Florida State,69,2022,1196,826,0.591,7.65,5.04,12,3,2,18,1,0,33,17,16,0.515,9.52,9.27,10.0,10.0,10,7,4,7,2526,2518,1325,903,1995,0.453,200,630,0.317,520,735,0.707,336,1098,406,305,142,392,651
92,Fordham,121,3056,1587,1469,0.519,-2.75,-0.2,1,4,3,4,0,0,33,13,20,0.394,-0.46,1.48,6.0,12.0,6,11,4,6,2325,2389,1345,798,1993,0.4,265,841,0.315,464,701,0.662,430,1225,419,265,156,426,666
93,Fresno State,58,1730,958,772,0.554,2.28,1.71,1,6,5,6,0,0,33,12,21,0.364,-3.29,3.5,4.0,14.0,7,9,3,9,2233,2439,1340,812,1794,0.453,229,690,0.332,380,555,0.685,260,1043,411,203,81,415,520
94,Furman,104,2658,1357,1301,0.511,-5.47,-3.94,0,7,7,7,0,0,33,17,16,0.515,0.21,-1.93,10.0,8.0,12,3,4,10,2623,2506,1340,911,2054,0.444,320,988,0.324,481,661,0.728,371,1247,535,235,95,391,528
95,Gardner-Webb,23,698,331,367,0.474,-6.9,-4.22,0,1,1,1,0,0,33,17,16,0.515,-4.66,-1.73,11.0,5.0,9,4,6,8,2426,2414,1336,867,1992,0.435,249,722,0.345,443,702,0.631,370,1260,419,193,78,385,633
96,George Mason,47,1395,754,641,0.541,-0.69,-1.37,0,4,4,6,1,0,32,20,12,0.625,6.36,1.85,9.0,9.0,14,3,5,7,2273,2109,1280,791,1720,0.46,218,637,0.342,473,637,0.743,323,1152,365,175,110,378,527
97,George Washington,108,2651,1416,1235,0.534,0.11,-0.22,3,7,5,11,0,0,32,15,17,0.469,-1.03,-0.06,4.0,14.0,12,6,1,9,2457,2472,1315,841,1901,0.442,287,796,0.361,488,654,0.746,293,1180,395,189,153,397,465
98,Georgetown,117,2886,1729,1157,0.599,6.59,3.95,20,11,8,31,5,1,32,9,23,0.281,0.68,7.72,2.0,18.0,7,12,2,10,2267,2492,1290,775,1867,0.415,265,766,0.346,452,633,0.714,390,1090,391,183,98,390,533
99,Georgia,120,2904,1503,1401,0.518,4.14,4.98,5,2,3,12,1,0,37,20,17,0.541,8.63,8.63,6.0,12.0,13,6,6,6,2764,2764,1485,943,2195,0.43,300,883,0.34,578,803,0.72,366,1319,436,237,121,421,598
100,Georgia Southern,54,1561,791,770,0.507,-6.63,-4.85,0,7,3,3,0,0,33,9,24,0.273,-8.44,-2.53,8.0,10.0,6,6,2,14,2420,2615,1335,847,1971,0.43,309,878,0.352,417,570,0.732,347,1130,354,228,132,436,662
101,Georgia State,52,1500,674,826,0.449,-6.89,-3.59,0,8,6,6,0,0,31,14,17,0.452,-4.59,-2.59,8.0,10.0,9,5,5,11,2370,2319,1250,856,1967,0.435,234,718,0.326,424,560,0.757,325,1160,366,179,89,301,543
102,Georgia Tech,106,2757,1445,1312,0.524,5.56,5.2,8,3,5,17,2,0,32,14,18,0.438,4.6,8.82,7.0,13.0,8,7,4,9,2272,2407,1300,810,1924,0.421,254,780,0.326,398,561,0.709,367,1219,425,140,128,393,527
103,Gonzaga,74,2182,1460,722,0.669,4.76,0.2,17,28,21,26,2,0,35,27,8,0.771,17.93,4.02,14.0,2.0,13,2,8,2,2959,2420,1400,1120,2162,0.518,243,674,0.361,476,660,0.721,379,1355,585,233,135,342,546
104,Grambling,48,1360,532,828,0.391,-16.41,-8.78,0,5,1,1,0,0,36,21,15,0.583,-9.63,-5.48,14.0,4.0,9,3,7,9,2436,2506,1458,860,1955,0.44,185,547,0.338,531,750,0.708,346,1158,354,266,115,473,577
105,Grand Canyon,12,358,235,123,0.656,1.84,-2.6,0,2,3,3,0,0,35,30,5,0.857,10.45,-0.52,17.0,3.0,16,0,8,3,2769,2346,1405,924,2008,0.46,245,729,0.336,676,903,0.749,412,1335,424,289,192,430,625
106,Green Bay,44,1319,692,627,0.525,-1.7,-1.38,0,4,4,5,0,0,32,18,14,0.563,-5.64,-4.07,13.0,7.0,10,5,8,8,2209,2207,1290,780,1742,0.448,285,840,0.339,364,504,0.722,283,1061,412,140,69,384,552
107,Hampton,30,903,447,456,0.495,-9.55,-8.2,0,4,6,6,0,0,33,9,24,0.273,-15.82,-5.29,3.0,15.0,5,9,1,12,2369,2520,1320,853,2011,0.424,241,759,0.318,422,591,0.714,372,1221,421,193,123,411,537
108,Harvard,113,2601,1217,1384,0.468,-7.99,-4.78,0,7,0,5,0,0,27,14,13,0.519,-4.58,-2.08,5.0,9.0,9,5,5,8,1900,1937,1090,665,1516,0.439,200,596,0.336,370,527,0.702,250,941,351,168,117,328,400
109,Hawaii,55,1592,850,742,0.534,1.85,1.55,1,3,4,5,0,0,34,20,14,0.588,-0.07,-2.57,11.0,9.0,13,6,4,6,2458,2337,1375,843,1841,0.458,265,776,0.341,507,706,0.718,287,1155,414,157,88,423,594
110,High Point,26,772,376,396,0.487,-8.53,-6.22,0,5,0,0,0,0,36,27,9,0.75,2.15,-4.83,13.0,3.0,16,2,7,5,3020,2680,1465,999,2163,0.462,300,879,0.341,722,928,0.778,476,1440,427,182,120,399,651
111,Hofstra,60,1729,912,817,0.527,-5.36,-4.16,0,10,6,4,0,0,33,20,13,0.606,2.31,-1.98,12.0,6.0,11,2,5,10,2449,2259,1325,904,1918,0.471,330,890,0.371,311,413,0.753,254,1081,507,204,115,344,480
112,Holy Cross,105,2558,1453,1105,0.568,-2.78,-3.91,6,6,7,13,2,1,33,10,23,0.303,-17.12,-7.87,6.0,12.0,5,8,4,14,2194,2462,1325,815,1857,0.439,249,704,0.354,315,476,0.662,273,1079,365,133,109,364,532
113,Houston,75,2221,1376,845,0.62,6.93,3.04,14,9,8,25,6,0,37,32,5,0.865,25.69,9.8,15.0,3.0,17,0,7,3,2720,2132,1495,981,2233,0.439,286,821,0.348,472,687,0.687,497,1374,484,362,178,330,658
114,Houston Christian,31,872,342,530,0.392,-12.33,-5.75,0,2,1,1,0,0,29,6,23,0.207,-19.37,-3.89,4.0,14.0,5,8,1,15,2074,2420,1165,759,1751,0.433,147,488,0.301,409,635,0.644,346,1076,330,162,82,445,422
115,Howard,52,1467,583,884,0.397,-14.59,-9.36,0,5,5,4,0,0,35,18,17,0.514,-8.69,-8.02,9.0,5.0,9,4,6,9,2623,2600,1420,868,1932,0.449,281,757,0.371,606,807,0.751,395,1257,485,212,98,541,661
116,Idaho,120,3004,1386,1616,0.462,-4.64,-1.24,1,7,4,4,0,0,32,11,21,0.344,-11.29,-4.69,5.0,13.0,6,10,4,10,2170,2278,1285,785,1778,0.442,243,726,0.335,357,487,0.733,254,1010,392,179,102,367,567
117,Idaho State,67,1844,801,1043,0.434,-6.47,-2.63,0,4,2,5,0,0,34,14,20,0.412,-7.49,-5.11,7.0,11.0,8,5,4,13,2397,2383,1385,875,1902,0.46,218,663,0.329,429,625,0.686,337,1093,408,238,121,372,546
118,Illinois,120,2975,1911,1064,0.642,13.31,7.68,30,18,4,34,5,0,38,29,9,0.763,19.56,9.54,14.0,6.0,15,3,6,5,3168,2787,1530,1104,2356,0.469,317,908,0.349,643,874,0.736,486,1554,506,166,143,401,576
119,Illinois State,66,1702,989,713,0.581,3.0,1.54,0,6,4,6,0,0,32,15,17,0.469,-1.38,0.43,9.0,11.0,10,6,4,8,2128,2165,1280,743,1752,0.424,194,665,0.292,448,630,0.711,323,1114,400,178,72,360,502
120,Illinois-Chicago,44,1314,623,691,0.474,-3.21,-1.28,0,2,2,3,0,0,33,12,21,0.364,-1.61,1.3,4.0,16.0,6,9,3,10,2319,2361,1345,844,1927,0.438,287,790,0.363,344,500,0.688,271,1110,459,203,176,408,583
121,Incarnate Word,12,327,129,198,0.394,-13.81,-7.3,0,0,0,0,0,0,31,8,23,0.258,-16.4,-7.92,3.0,15.0,5,8,3,14,2240,2436,1250,768,1795,0.428,236,712,0.331,468,644,0.727,333,1133,377,187,128,495,589
122,Indiana,125,3056,1934,1122,0.633,13.86,8.18,29,22,0,41,8,5,33,19,14,0.576,7.74,9.74,10.0,10.0,13,5,4,6,2386,2452,1320,879,1848,0.476,166,513,0.324,462,696,0.664,293,1154,504,171,133,400,559
123,Indiana State,103,2339,1220,1119,0.522,0.01,1.6,1,3,3,4,1,0,39,32,7,0.821,13.44,2.26,17.0,3.0,16,1,9,4,3309,2854,1565,1141,2258,0.505,427,1119,0.382,600,754,0.796,279,1383,698,238,72,452,638
124,Iona,72,1977,1117,860,0.565,-3.91,-3.58,1,13,14,16,0,0,33,16,17,0.485,-5.19,-5.95,10.0,10.0,9,5,5,8,2354,2329,1320,857,1984,0.432,271,768,0.353,369,566,0.652,345,1051,473,292,96,336,588
125,Iowa,128,3000,1766,1233,0.589,11.55,7.36,21,8,3,29,3,0,34,19,15,0.559,13.0,9.26,10.0,10.0,13,4,4,9,2827,2700,1365,1025,2154,0.476,226,644,0.351,551,712,0.774,333,1210,606,232,134,327,575
126,Iowa State,118,2864,1462,1402,0.51,7.29,6.45,11,6,7,23,1,0,37,29,8,0.784,22.3,8.51,13.0,5.0,18,0,5,5,2787,2277,1480,1002,2164,0.463,246,687,0.358,537,765,0.702,393,1254,582,382,113,387,610
127,IU Indy,27,806,344,462,0.427,-7.53,-3.12,0,1,1,1,0,0,32,6,26,0.188,-21.31,-4.62,2.0,18.0,4,10,2,14,2108,2554,1285,775,1768,0.438,110,444,0.248,448,609,0.736,316,944,332,244,67,468,558
128,Jackson State,48,1417,661,756,0.466,-11.25,-8.26,0,7,4,3,0,0,32,15,17,0.469,-11.5,-7.15,11.0,7.0,6,2,7,13,2279,2418,1285,799,1923,0.415,211,650,0.325,470,668,0.704,417,1161,384,239,111,428,544
129,Jacksonville,59,1687,829,858,0.491,-3.91,-2.2,2,2,2,5,1,0,33,16,17,0.485,-9.84,-4.87,5.0,11.0,11,3,4,14,2371,2389,1325,835,1918,0.435,214,650,0.329,485,688,0.705,412,1209,355,255,100,431,648
130,Jacksonville State,30,874,392,482,0.449,-8.26,-5.95,0,1,1,2,0,0,32,14,18,0.438,-3.55,-3.14,6.0,10.0,8,7,5,10,2240,2126,1285,803,1778,0.452,170,507,0.335,464,661,0.702,370,1178,354,216,126,433,524
131,James Madison,49,1444,752,692,0.521,-1.94,-2.2,0,8,4,6,0,0,36,32,4,0.889,8.19,-3.75,15.0,3.0,14,1,12,2,2995,2506,1455,1073,2254,0.476,307,852,0.36,542,771,0.703,415,1390,577,325,113,392,621
132,Kansas,127,3311,2415,896,0.729,16.02,7.39,49,64,16,52,16,4,34,23,11,0.676,16.35,11.32,10.0,8.0,15,1,3,7,2569,2376,1365,960,1967,0.488,195,587,0.332,454,630,0.721,280,1228,647,243,133,397,502
133,Kansas City,36,1049,452,597,0.431,-7.08,-3.22,0,0,0,0,0,0,32,16,16,0.5,-5.32,-4.5,10.0,6.0,10,3,6,9,2300,2217,1300,813,1903,0.427,269,811,0.332,405,568,0.713,367,1162,411,191,120,385,624
134,Kansas State,120,2981,1742,1239,0.584,10.28,6.28,17,19,2,32,4,0,34,19,15,0.559,11.06,9.97,8.0,10.0,15,3,2,9,2454,2417,1395,837,1919,0.436,251,790,0.318,529,735,0.72,378,1275,475,202,139,503,596
135,Kennesaw State,16,472,150,322,0.318,-11.22,-3.12,0,1,1,1,0,0,31,15,16,0.484,-8.02,-5.84,6.0,10.0,9,5,4,11,2568,2504,1250,908,2035,0.446,292,888,0.329,460,682,0.674,380,1204,460,228,126,374,623
136,Kent State,106,2569,1293,1276,0.503,-1.78,-0.4,0,9,7,7,0,0,34,17,17,0.5,-0.76,-2.54,8.0,10.0,9,6,4,9,2544,2424,1385,890,2016,0.441,282,788,0.358,482,646,0.746,377,1178,436,234,89,403,609
137,Kentucky,122,3168,2407,760,0.76,17.75,6.8,55,52,33,62,17,8,33,23,10,0.697,16.79,7.46,13.0,5.0,14,4,7,3,2938,2630,1335,1055,2132,0.495,327,800,0.409,501,649,0.772,332,1241,579,248,207,352,577
138,La Salle,94,2526,1445,1081,0.572,2.46,0.62,6,9,8,12,2,1,33,16,17,0.485,-1.62,0.85,6.0,12.0,11,6,3,10,2398,2411,1340,877,2041,0.43,281,811,0.346,363,502,0.723,336,1142,484,209,110,316,550
139,Lafayette,115,2754,1397,1357,0.507,-8.17,-6.81,0,18,3,4,0,0,32,11,21,0.344,-11.17,-6.01,10.0,8.0,5,10,6,9,2010,2154,1300,744,1823,0.408,227,728,0.312,295,438,0.674,279,1064,421,210,139,372,518
140,Lamar,56,1614,803,811,0.498,-5.46,-4.1,0,9,4,6,0,0,33,19,14,0.576,-5.47,-8.28,12.0,6.0,11,3,5,11,2568,2406,1340,912,2025,0.45,248,717,0.346,496,679,0.73,412,1257,544,233,123,426,615
141,Le Moyne,2,42,18,24,0.429,-11.27,-4.18,0,0,0,0,0,0,32,15,17,0.469,-11.07,-9.55,9.0,7.0,10,3,5,14,2318,2245,1285,823,1906,0.432,315,910,0.346,357,469,0.761,270,1093,503,256,103,367,489
142,Lehigh,124,2669,1167,1502,0.437,-12.83,-7.27,0,4,5,5,0,0,32,14,18,0.438,-7.47,-6.6,9.0,9.0,6,7,8,11,2326,2272,1310,829,1887,0.439,230,714,0.322,438,596,0.735,263,1137,422,231,73,386,532
143,Liberty,37,1128,581,547,0.515,-7.67,-6.32,0,7,6,5,0,0,32,18,14,0.563,1.58,-1.56,7.0,9.0,12,3,2,8,2362,2096,1290,863,1848,0.467,324,880,0.368,312,472,0.661,279,1087,508,167,74,334,480
144,Lindenwood,3,70,22,48,0.314,-15.95,-4.47,0,0,0,0,0,0,31,9,22,0.29,-18.73,-7.23,3.0,15.0,4,10,3,12,2019,2266,1245,696,1726,0.403,149,527,0.283,478,653,0.732,272,983,249,191,77,373,541
145,Lipscomb,22,665,356,309,0.535,-4.8,-4.23,0,3,1,1,0,0,32,20,12,0.625,-1.94,-5.04,11.0,5.0,12,2,6,9,2626,2448,1280,960,1946,0.493,297,781,0.38,409,533,0.767,244,1064,465,196,110,321,414
146,Little Rock,47,1388,752,636,0.542,-3.73,-3.59,0,14,5,5,0,0,34,21,13,0.618,-3.42,-8.24,14.0,4.0,14,4,6,6,2628,2464,1370,957,2024,0.473,217,629,0.345,497,664,0.748,369,1244,502,203,160,417,596
147,Long Beach State,56,1656,891,765,0.538,0.48,1.12,5,15,6,10,0,0,36,21,15,0.583,-1.19,-1.19,10.0,10.0,8,5,9,7,2786,2735,1450,993,2239,0.444,194,637,0.305,606,855,0.709,450,1399,550,285,151,455,620
148,Long Island University,80,2136,1165,969,0.546,-9.69,-6.44,1,9,6,7,0,0,29,7,22,0.241,-17.86,-7.58,6.0,10.0,5,5,1,17,1929,2227,1170,706,1691,0.418,157,506,0.31,360,532,0.677,272,1014,363,187,88,422,557
149,Longwood,18,554,226,328,0.408,-12.29,-5.61,0,1,2,2,0,0,35,21,14,0.6,-2.04,-4.76,6.0,10.0,13,3,6,10,2615,2396,1420,931,2053,0.453,201,590,0.341,552,804,0.687,470,1343,446,244,88,444,639
150,Louisiana,54,1556,904,652,0.581,0.28,-1.15,2,10,8,11,0,0,33,19,14,0.576,-0.6,-2.67,10.0,8.0,11,3,5,9,2504,2365,1320,919,2025,0.454,251,743,0.338,415,569,0.729,371,1133,409,284,124,388,592
151,Louisiana State,117,2916,1662,1254,0.57,6.06,4.6,13,11,1,24,4,0,33,17,16,0.515,8.14,6.75,9.0,9.0,12,6,3,7,2520,2474,1325,868,1907,0.455,256,717,0.357,528,730,0.723,345,1177,388,264,125,434,574
152,Louisiana Tech,52,1549,909,640,0.587,0.26,-1.53,1,11,6,5,0,0,32,22,10,0.688,4.83,-1.69,12.0,4.0,14,2,8,7,2392,2065,1290,823,1802,0.457,229,633,0.362,517,738,0.701,376,1244,404,240,161,398,500
153,Louisiana-Monroe,52,1515,767,748,0.506,-5.18,-4.12,0,10,8,7,0,0,30,11,19,0.367,-10.05,-2.44,6.0,12.0,8,6,3,12,2096,2233,1205,751,1788,0.42,152,513,0.296,442,665,0.665,396,1133,381,219,66,374,539
154,Louisville,111,2929,1912,1017,0.653,13.03,6.59,35,23,17,43,10,3,32,8,24,0.25,0.45,7.51,3.0,17.0,7,11,1,10,2304,2530,1285,799,1833,0.436,175,571,0.306,531,712,0.746,318,1100,356,174,83,410,544
155,Loyola (IL),104,2653,1435,1218,0.541,0.42,1.38,6,8,4,8,2,1,33,23,10,0.697,6.57,2.42,15.0,3.0,15,2,7,5,2412,2228,1330,855,1900,0.45,274,775,0.354,428,629,0.68,317,1213,547,233,166,423,643
156,Loyola (MD),81,1888,852,1036,0.451,-9.15,-4.93,0,0,2,2,0,0,32,7,25,0.219,-16.17,-6.94,5.0,13.0,2,11,5,13,2049,2301,1295,737,1767,0.417,230,685,0.336,345,536,0.644,328,1097,410,189,69,436,518
157,Loyola Marymount,78,2139,936,1203,0.438,-3.83,0.49,2,3,2,5,0,0,31,12,19,0.387,-0.06,0.31,5.0,11.0,8,8,3,7,2244,2214,1240,802,1791,0.448,261,710,0.368,379,519,0.73,307,1082,369,114,81,333,504
158,Maine,81,1941,850,1091,0.438,-12.09,-7.1,0,0,0,0,0,0,32,15,17,0.469,-6.39,-4.87,7.0,9.0,8,4,5,13,2164,2159,1290,801,1831,0.437,173,587,0.295,389,541,0.719,255,1044,397,269,105,365,522
159,Manhattan,119,2772,1431,1341,0.516,-3.9,-2.58,0,13,5,8,0,0,30,7,23,0.233,-15.28,-4.86,4.0,16.0,3,10,4,12,1985,2275,1215,740,1792,0.413,219,695,0.315,286,396,0.722,275,989,432,226,88,402,417
160,Marist,44,1276,563,713,0.441,-7.5,-5.88,0,5,2,2,0,0,31,18,13,0.581,-5.64,-8.09,12.0,8.0,9,4,8,8,2004,1928,1240,726,1638,0.443,212,596,0.356,340,488,0.697,222,996,381,212,87,378,503
161,Marquette,108,2810,1747,1063,0.622,9.49,4.94,24,4,2,36,3,1,37,27,10,0.73,19.27,11.02,14.0,6.0,14,2,7,5,2888,2583,1485,1078,2256,0.478,327,928,0.352,405,576,0.703,322,1212,587,317,131,369,556
162,Marshall,101,2620,1492,1126,0.57,-0.87,-1.24,1,6,4,6,0,0,33,13,20,0.394,-5.42,-1.39,7.0,11.0,8,7,3,9,2435,2531,1320,864,2117,0.408,270,870,0.31,437,615,0.711,406,1303,492,230,144,393,530
163,Maryland,102,2768,1664,1104,0.601,10.34,5.38,24,7,4,30,2,1,33,16,17,0.485,10.6,7.44,7.0,13.0,11,6,4,8,2278,2174,1335,766,1854,0.413,201,696,0.289,545,757,0.72,380,1179,360,217,149,387,576
164,Maryland-Baltimore County,39,1134,470,664,0.414,-10.67,-6.53,0,3,2,2,0,0,32,11,21,0.344,-8.67,-5.93,6.0,10.0,6,9,5,12,2517,2583,1285,955,2049,0.466,255,714,0.357,352,504,0.698,304,1179,417,163,126,418,505
165,Maryland-Eastern Shore,45,1285,379,906,0.295,-19.66,-8.97,0,1,1,0,0,0,29,9,20,0.31,-17.33,-6.33,4.0,10.0,9,4,0,15,1890,2046,1175,668,1664,0.401,168,570,0.295,386,540,0.715,315,1014,312,203,81,399,508
166,Massachusetts,66,1880,1020,860,0.543,0.74,-0.2,5,15,5,9,1,0,31,20,11,0.645,7.59,0.88,11.0,7.0,13,3,4,6,2401,2193,1245,858,1904,0.451,209,668,0.313,476,681,0.699,416,1188,483,236,93,345,579
167,Massachusetts-Lowell,13,357,179,178,0.501,-7.86,-5.32,0,0,0,0,0,0,32,22,10,0.688,-1.28,-6.07,11.0,5.0,12,3,10,7,2561,2261,1290,913,1924,0.475,186,566,0.329,549,746,0.736,367,1305,406,222,157,425,480
168,McNeese State,52,1491,713,778,0.478,-7.06,-4.69,0,7,3,3,0,0,34,30,4,0.882,6.42,-6.81,17.0,1.0,18,0,11,3,2719,2116,1360,973,1997,0.487,257,671,0.383,516,745,0.693,382,1226,506,350,115,329,588
169,Memphis,70,2111,1415,696,0.67,9.08,3.93,17,18,12,27,3,0,32,22,10,0.688,9.0,4.25,11.0,7.0,13,2,7,6,2576,2424,1290,897,1952,0.46,266,759,0.35,514,709,0.725,383,1185,438,274,145,419,551
170,Mercer,52,1521,730,791,0.48,-7.47,-4.95,0,3,3,3,0,0,33,16,17,0.485,-4.65,-2.55,8.0,10.0,10,6,4,9,2348,2371,1320,880,1961,0.449,210,608,0.345,378,565,0.669,368,1132,434,229,113,367,631
171,Merrimack,6,154,84,70,0.545,-8.38,-6.24,0,3,1,0,0,0,33,21,12,0.636,-5.24,-8.43,13.0,3.0,13,2,7,9,2283,2159,1330,795,1814,0.438,241,779,0.309,452,620,0.729,260,1034,409,325,121,436,532
172,Miami (FL),62,1784,1022,762,0.573,3.67,3.59,8,3,1,12,1,0,32,15,17,0.469,9.59,7.46,6.0,14.0,11,6,2,9,2424,2356,1285,889,1960,0.454,286,792,0.361,360,483,0.745,324,1174,454,229,100,386,419
173,Miami (OH),120,2742,1459,1283,0.532,1.68,0.65,1,18,4,17,0,0,32,15,17,0.469,-6.45,-4.08,9.0,9.0,9,6,6,10,2259,2241,1285,798,1802,0.443,259,717,0.361,404,572,0.706,257,1063,462,202,99,375,552
174,Michigan,108,2822,1709,1113,0.606,11.06,7.8,23,15,3,31,8,1,32,8,24,0.25,5.28,11.34,3.0,17.0,5,10,2,10,2334,2528,1295,829,1869,0.444,255,710,0.359,421,599,0.703,340,1134,400,133,114,414,549
175,Michigan State,126,2981,1824,1157,0.612,11.89,7.85,25,16,6,37,10,2,35,20,15,0.571,17.72,10.89,10.0,10.0,14,4,3,7,2551,2312,1405,949,2058,0.461,227,626,0.363,426,602,0.708,353,1215,558,248,132,350,581
176,Middle Tennessee,67,1903,1046,857,0.55,-3.77,-2.63,0,12,7,9,0,0,33,14,19,0.424,-7.45,-0.52,7.0,9.0,11,6,1,10,2167,2319,1345,741,1843,0.402,241,774,0.311,444,631,0.704,344,1147,329,175,138,462,516
177,Milwaukee,42,1227,601,626,0.49,-4.25,-1.82,0,4,4,4,0,0,35,20,15,0.571,-5.01,-4.47,12.0,8.0,12,4,6,9,2782,2753,1425,980,2198,0.446,277,861,0.322,545,750,0.727,473,1364,498,208,155,439,635
178,Minnesota,130,3030,1724,1304,0.569,9.53,7.54,10,9,0,14,1,0,34,19,15,0.559,9.51,6.4,9.0,11.0,16,4,3,9,2550,2444,1365,910,1930,0.472,268,754,0.355,462,670,0.69,343,1187,588,214,150,408,547
179,Mississippi,115,2795,1396,1397,0.5,3.02,4.51,2,0,2,9,0,0,32,20,12,0.625,8.3,7.27,7.0,11.0,14,4,4,7,2398,2365,1280,839,1876,0.447,241,660,0.365,479,658,0.728,333,1071,484,251,184,344,522
180,Mississippi State,113,2797,1529,1268,0.547,4.81,4.51,11,6,5,13,1,0,35,21,14,0.6,14.19,9.16,8.0,10.0,11,4,2,8,2593,2417,1405,917,2027,0.452,251,781,0.321,508,758,0.67,436,1333,491,284,107,455,580
181,Mississippi Valley State,46,1333,490,843,0.368,-15.6,-8.19,0,7,5,5,0,0,31,1,30,0.032,-26.17,-3.91,1.0,17.0,1,8,0,22,1719,2409,1245,613,1611,0.381,143,489,0.292,350,532,0.658,298,911,271,205,71,495,550
182,Missouri,119,2971,1723,1248,0.58,8.8,6.03,15,15,8,29,0,0,32,8,24,0.25,3.27,7.3,0.0,18.0,6,11,2,10,2309,2438,1285,807,1838,0.439,233,730,0.319,462,583,0.792,293,992,390,245,154,370,642
183,Missouri State,43,1328,783,545,0.59,4.09,1.09,0,5,3,6,0,0,33,17,16,0.515,0.98,1.01,8.0,12.0,9,5,4,10,2351,2352,1340,848,1931,0.439,223,711,0.314,432,608,0.711,335,1291,399,142,149,397,504
184,Monmouth,42,1239,589,650,0.475,-7.78,-5.81,0,5,4,4,0,0,33,18,15,0.545,-3.17,-2.98,10.0,8.0,13,1,2,13,2390,2396,1321,860,1998,0.43,252,726,0.347,418,585,0.715,370,1167,432,236,114,345,559
185,Montana,110,2802,1534,1268,0.547,-2.4,-2.52,0,13,11,12,0,0,36,24,12,0.667,-1.41,-4.11,12.0,6.0,13,3,8,7,2768,2586,1450,1007,2075,0.485,277,774,0.358,477,602,0.792,299,1227,537,172,107,371,600
186,Montana State,114,2785,1528,1257,0.549,-4.97,-2.69,0,11,5,5,0,0,35,17,18,0.486,-5.34,-4.46,9.0,9.0,10,7,4,10,2635,2606,1420,941,2012,0.468,319,863,0.37,434,596,0.728,237,1068,463,289,84,408,647
187,Morehead State,70,1945,993,952,0.511,-5.77,-3.54,0,11,6,9,0,0,35,26,9,0.743,0.51,-5.52,14.0,4.0,14,1,9,7,2635,2220,1400,944,2021,0.467,329,912,0.361,418,592,0.706,407,1372,526,206,160,413,553
188,Morgan State,41,1187,449,738,0.378,-15.23,-8.96,0,3,2,2,0,0,31,11,20,0.355,-16.07,-5.9,7.0,7.0,8,5,3,12,2253,2402,1250,840,1862,0.451,148,505,0.293,425,561,0.758,338,1099,388,192,111,451,594
189,Mount St. Mary's,37,1081,471,610,0.436,-8.99,-6.29,0,2,6,6,0,0,32,13,19,0.406,-6.54,-7.45,9.0,11.0,8,5,5,13,2327,2298,1295,876,1852,0.473,217,615,0.353,358,494,0.725,312,1125,423,221,125,465,496
190,Murray State,72,2050,1298,752,0.633,-0.38,-3.16,3,30,17,18,0,0,32,12,20,0.375,0.36,1.59,9.0,11.0,8,8,4,9,2232,2237,1285,821,1841,0.446,209,651,0.321,381,547,0.697,299,1048,369,192,88,304,490
191,Navy,118,2611,1479,1132,0.566,-5.01,-4.18,1,9,6,11,0,0,31,13,18,0.419,-11.7,-9.54,8.0,10.0,10,5,3,13,2060,2067,1250,716,1809,0.396,181,603,0.3,447,631,0.708,386,1104,376,207,63,317,559
192,NC State,113,2978,1836,1142,0.617,10.9,5.85,18,13,18,29,4,2,41,26,15,0.634,12.81,8.93,9.0,11.0,12,5,4,7,3101,2942,1660,1117,2483,0.45,285,827,0.345,582,794,0.733,415,1447,536,297,148,392,664
193,Nebraska,129,3044,1584,1460,0.52,5.94,6.26,2,7,1,8,0,0,34,23,11,0.676,14.36,7.53,12.0,8.0,18,1,3,8,2643,2411,1375,912,2017,0.452,319,893,0.357,500,658,0.76,326,1280,521,214,89,377,539
194,Nevada,70,1859,1056,803,0.568,1.23,1.54,4,12,5,11,0,0,34,26,8,0.765,12.85,4.58,13.0,5.0,15,2,8,3,2582,2276,1365,881,1860,0.474,227,625,0.363,593,824,0.72,302,1167,511,214,121,342,599
195,Nevada-Las Vegas,56,1741,1191,550,0.684,9.06,3.31,16,13,11,20,4,1,34,21,13,0.618,8.38,6.25,12.0,6.0,13,6,8,4,2501,2341,1380,906,1959,0.462,231,685,0.337,458,633,0.724,350,1164,450,208,154,376,540
196,New Hampshire,73,1870,662,1208,0.354,-14.37,-6.96,0,1,0,0,0,0,31,16,15,0.516,-6.15,-3.61,7.0,9.0,9,5,7,10,2298,2297,1245,801,1934,0.414,275,848,0.324,421,565,0.745,285,1160,365,226,64,372,472
197,New Mexico,119,2749,1588,1161,0.578,4.15,2.33,11,12,7,16,0,0,36,26,10,0.722,15.04,5.38,10.0,8.0,13,3,5,6,2916,2545,1440,1067,2343,0.455,233,711,0.328,549,776,0.707,462,1429,524,312,178,361,632
198,New Mexico State,115,2762,1628,1132,0.59,1.08,-0.3,5,21,13,26,1,0,32,13,19,0.406,-8.62,0.74,7.0,9.0,12,3,1,13,2166,2318,1295,771,1822,0.423,206,626,0.329,418,617,0.677,286,1079,359,195,98,382,636
199,New Orleans,49,1416,755,661,0.533,-3.34,-2.63,2,8,4,5,0,0,33,10,23,0.303,-16.8,-5.9,4.0,14.0,7,6,2,15,2427,2622,1326,846,2023,0.418,179,589,0.304,556,772,0.72,377,1139,391,254,118,407,629
200,Niagara,119,2869,1541,1327,0.537,-3.3,-2.05,2,10,2,3,0,0,32,16,16,0.5,-8.4,-7.21,11.0,9.0,5,9,10,6,2319,2307,1295,822,1749,0.47,199,550,0.362,476,633,0.752,235,975,409,180,70,378,480
201,Nicholls State,45,1269,547,722,0.431,-11.36,-5.81,0,5,2,2,0,0,34,20,14,0.588,-7.14,-5.37,13.0,5.0,10,2,8,10,2512,2514,1405,849,1909,0.445,284,778,0.365,530,731,0.725,325,1199,387,229,140,450,636
202,NJIT,16,460,199,261,0.433,-10.98,-6.25,0,1,0,0,0,0,28,7,21,0.25,-14.65,-4.46,3.0,13.0,5,8,2,13,1902,2101,1120,663,1681,0.394,201,666,0.302,375,529,0.709,321,972,294,201,92,311,535
203,Norfolk State,28,848,435,413,0.513,-9.96,-8.38,0,5,3,3,0,0,35,24,11,0.686,-5.76,-7.76,11.0,3.0,15,0,6,8,2608,2364,1405,908,1978,0.459,223,656,0.34,569,788,0.722,384,1205,436,308,108,425,650
204,North Alabama,7,190,83,107,0.437,-8.73,-3.84,0,0,0,0,0,0,32,15,17,0.469,-7.17,-5.0,8.0,8.0,10,4,5,13,2447,2435,1306,857,1931,0.444,246,679,0.362,487,634,0.768,317,1132,359,171,101,324,589
205,North Carolina,115,3239,2376,863,0.734,15.84,7.09,52,39,26,53,21,6,37,29,8,0.784,21.36,9.9,17.0,3.0,14,1,8,2,3032,2608,1485,1046,2323,0.45,301,839,0.359,639,842,0.759,452,1520,536,214,151,373,611
206,North Carolina A&T,52,1510,719,791,0.476,-12.68,-9.34,0,12,14,10,0,0,32,7,25,0.219,-16.31,-3.94,5.0,13.0,4,7,2,14,2098,2494,1280,726,1873,0.388,192,669,0.287,454,637,0.713,300,1020,326,180,104,300,488
207,North Carolina Central,15,441,260,181,0.59,-7.72,-8.41,0,4,4,4,0,0,31,18,13,0.581,-7.88,-8.84,9.0,5.0,11,2,6,9,2375,2139,1250,823,1812,0.454,233,681,0.342,496,714,0.695,349,1097,398,237,83,372,552
208,North Dakota,32,646,354,292,0.548,-8.62,-4.22,0,1,3,1,0,0,32,18,14,0.563,-6.24,-6.1,10.0,6.0,9,5,7,8,2408,2300,1285,858,1934,0.444,264,809,0.326,428,600,0.713,366,1171,371,202,96,324,485
209,North Dakota State,46,904,608,296,0.673,-1.01,-2.95,0,4,5,4,0,0,32,15,17,0.469,-7.57,-3.15,8.0,8.0,10,4,5,11,2388,2366,1315,873,1834,0.476,252,667,0.378,390,543,0.718,271,1097,370,139,43,355,468
210,North Florida,16,488,238,250,0.488,-5.67,-2.07,0,3,1,1,0,0,32,16,16,0.5,-6.95,-4.84,9.0,7.0,11,5,5,11,2496,2427,1295,849,1917,0.443,383,1063,0.36,415,542,0.766,284,1076,398,179,116,362,517
211,North Texas,70,1933,900,1033,0.466,-3.8,-0.1,0,5,4,4,0,0,34,19,15,0.559,8.41,4.28,10.0,8.0,11,4,6,6,2353,2169,1370,826,1907,0.433,284,753,0.377,417,566,0.737,390,1179,378,241,101,378,571
212,Northeastern,62,1692,870,822,0.514,-4.48,-4.09,0,14,9,9,0,0,32,12,20,0.375,-6.09,-3.15,7.0,11.0,7,5,4,13,2221,2315,1280,810,1780,0.455,204,642,0.318,397,531,0.748,326,1062,435,200,107,398,485
213,Northern Arizona,86,2066,926,1140,0.448,-8.22,-3.06,0,6,2,2,0,0,33,14,19,0.424,-12.17,-4.17,7.0,11.0,7,5,6,12,2265,2529,1330,825,1883,0.438,207,663,0.312,408,586,0.696,274,1034,444,187,102,416,605
214,Northern Colorado,46,899,483,416,0.537,-3.66,-3.55,0,3,1,1,0,0,33,19,14,0.576,-4.44,-5.25,12.0,6.0,11,3,7,8,2617,2542,1360,969,1997,0.485,254,730,0.348,425,583,0.729,270,1157,482,207,79,368,547
215,Northern Illinois,59,1638,726,912,0.443,-4.52,-1.22,0,4,2,3,0,0,31,11,20,0.355,-9.16,-1.37,5.0,13.0,5,9,5,11,2269,2399,1255,800,1802,0.444,227,696,0.326,442,658,0.672,320,1111,317,164,153,394,539
216,Northern Iowa,45,1344,712,632,0.53,1.2,1.65,1,4,6,8,0,0,33,19,14,0.576,3.83,2.86,12.0,8.0,11,3,6,8,2417,2346,1330,843,1849,0.456,238,690,0.345,493,697,0.707,265,1117,414,206,85,340,547
217,Northern Kentucky,13,384,213,171,0.555,-3.13,-3.37,0,2,4,3,0,0,33,18,15,0.545,-3.66,-3.73,12.0,8.0,12,3,6,11,2470,2416,1340,882,1935,0.456,209,656,0.319,497,691,0.719,347,1141,456,284,86,407,543
218,Northwestern,120,2771,1170,1600,0.422,3.9,7.43,0,2,0,3,0,0,34,22,12,0.647,12.77,8.5,12.0,8.0,15,2,4,7,2493,2348,1385,892,1960,0.455,278,713,0.39,431,573,0.752,290,1068,530,239,106,300,598
219,Northwestern State,49,1406,617,789,0.439,-9.89,-5.4,0,3,3,3,0,0,32,9,23,0.281,-14.42,-6.32,7.0,11.0,6,7,3,13,2257,2429,1300,808,1872,0.432,204,643,0.317,437,663,0.659,365,1107,368,223,105,425,598
220,Notre Dame,121,3079,1965,1113,0.638,9.87,5.8,25,1,1,37,1,0,33,13,20,0.394,4.94,8.06,7.0,13.0,9,8,2,10,2113,2216,1335,742,1824,0.407,251,790,0.318,378,508,0.744,324,1185,335,189,80,413,497
221,Oakland,26,816,439,377,0.538,-1.49,-1.08,0,5,4,4,0,0,36,24,12,0.667,2.02,-1.24,15.0,5.0,10,3,9,7,2751,2634,1465,966,2166,0.446,318,895,0.355,501,667,0.751,383,1292,522,237,100,396,544
222,Ohio,118,2851,1631,1220,0.572,0.52,-0.31,0,10,7,14,0,0,33,20,13,0.606,0.48,-4.58,13.0,5.0,12,3,5,7,2551,2309,1335,901,1987,0.453,294,827,0.356,455,623,0.73,333,1153,464,235,118,321,562
223,Ohio State,126,3058,1873,1185,0.612,12.13,7.5,24,22,5,35,11,1,36,22,14,0.611,13.64,8.37,9.0,11.0,15,5,2,8,2718,2528,1456,957,2126,0.45,254,736,0.345,550,717,0.767,394,1335,507,201,166,381,611
224,Oklahoma,118,2933,1782,1151,0.608,9.9,6.57,19,14,7,33,5,0,32,20,12,0.625,14.66,8.07,8.0,10.0,14,4,3,6,2412,2201,1290,835,1797,0.465,239,692,0.345,503,677,0.743,310,1126,427,189,104,399,515
225,Oklahoma State,116,3003,1750,1253,0.583,8.83,5.97,19,19,4,29,6,2,32,12,20,0.375,6.25,7.97,4.0,14.0,10,8,1,9,2272,2327,1295,793,1799,0.441,260,778,0.334,426,611,0.697,294,1078,428,200,92,413,511
226,Old Dominion,49,1508,898,610,0.595,2.34,-0.22,0,9,7,12,0,0,32,7,25,0.219,-8.35,-1.58,3.0,15.0,5,10,1,12,2268,2464,1290,841,2001,0.42,221,694,0.318,365,551,0.662,320,1134,330,251,123,349,581
227,Omaha,13,380,159,221,0.418,-7.8,-2.59,0,0,0,0,0,0,33,15,18,0.455,-7.38,-5.07,7.0,9.0,11,3,2,13,2441,2404,1330,845,1873,0.451,206,631,0.326,545,734,0.743,282,1111,336,200,73,326,552
228,Oral Roberts,50,1479,834,645,0.564,0.18,-1.09,2,8,7,7,0,0,31,12,19,0.387,-7.43,-2.6,5.0,11.0,9,5,2,13,2275,2334,1250,812,1846,0.44,285,790,0.361,366,493,0.742,235,1022,341,175,106,300,534
229,Oregon,120,3205,1785,1420,0.557,6.63,6.0,6,8,6,18,2,1,36,24,12,0.667,12.22,8.91,12.0,8.0,13,3,6,5,2721,2602,1453,982,2145,0.458,263,778,0.338,494,687,0.719,357,1238,497,258,131,366,591
230,Oregon State,124,3266,1830,1436,0.56,6.14,5.64,8,12,1,18,2,0,32,13,19,0.406,3.28,8.38,5.0,15.0,12,6,1,9,2204,2326,1310,772,1745,0.442,196,597,0.328,464,630,0.737,275,1041,355,192,119,395,593
231,Pacific,75,2105,1050,1055,0.499,-1.48,-0.03,1,10,5,9,0,0,32,6,26,0.188,-17.42,-0.15,0.0,16.0,5,12,1,13,2071,2553,1290,725,1762,0.411,203,643,0.316,418,650,0.643,209,875,422,195,64,377,551
232,Penn State,129,2829,1568,1260,0.554,3.15,2.44,2,1,1,10,1,0,33,16,17,0.485,9.22,7.52,9.0,11.0,13,4,2,8,2478,2422,1330,854,1951,0.438,255,764,0.334,515,689,0.747,316,1065,417,275,112,366,603
233,Pennsylvania,123,3017,1844,1172,0.611,-0.13,-2.95,6,38,1,24,1,0,29,11,18,0.379,-3.33,0.26,3.0,11.0,9,6,2,10,2159,2157,1180,781,1721,0.454,275,750,0.367,322,468,0.688,303,1042,428,173,67,323,431
234,Pepperdine,71,2029,990,1039,0.488,-2.3,0.31,1,12,3,13,0,0,33,13,20,0.394,-2.14,0.7,5.0,11.0,9,8,3,8,2403,2443,1320,868,1924,0.451,225,624,0.361,442,628,0.704,334,1115,438,169,90,370,537
235,Pittsburgh,118,2950,1705,1245,0.578,5.68,4.35,13,11,4,27,1,0,33,22,11,0.667,14.89,6.92,12.0,8.0,13,5,7,4,2495,2232,1320,873,1999,0.437,317,887,0.357,432,610,0.708,376,1223,452,208,147,297,510
236,Portland,72,2026,849,1177,0.419,-5.38,0.74,0,0,1,2,0,0,33,12,21,0.364,-8.2,1.54,5.0,11.0,9,6,2,11,2360,2622,1325,826,1891,0.437,292,842,0.347,416,581,0.716,276,1112,446,136,72,394,490
237,Portland State,36,1023,498,525,0.487,-6.01,-3.02,0,2,2,2,0,0,32,17,15,0.531,-7.15,-4.94,8.0,10.0,11,2,5,11,2302,2299,1289,809,1949,0.415,237,730,0.325,447,652,0.686,375,1181,379,226,107,361,579
238,Prairie View,45,1284,396,888,0.308,-19.81,-7.92,0,4,2,2,0,0,31,10,21,0.323,-15.41,-6.92,5.0,13.0,5,6,4,15,2176,2368,1240,770,1831,0.421,149,489,0.305,487,675,0.721,303,952,373,283,87,396,626
239,Presbyterian,15,446,151,295,0.339,-12.61,-5.4,0,0,0,0,0,0,33,14,19,0.424,-8.13,-5.57,6.0,10.0,8,7,5,9,2469,2413,1330,897,1901,0.472,210,629,0.334,465,701,0.663,312,1099,426,232,106,377,612
240,Princeton,124,2965,1838,1127,0.62,1.49,-3.52,4,33,2,26,1,0,29,24,5,0.828,6.55,-1.6,12.0,2.0,12,1,11,3,2235,1932,1160,777,1695,0.458,304,854,0.356,377,468,0.806,244,966,422,173,55,237,392
241,Providence,76,2188,1342,846,0.613,7.82,4.53,7,1,2,22,2,0,35,21,14,0.6,12.56,8.93,10.0,10.0,14,5,4,7,2534,2407,1415,891,2011,0.443,290,891,0.325,462,640,0.722,321,1257,477,225,161,424,552
242,Purdue,127,3019,1954,1065,0.647,12.35,7.8,26,26,2,35,3,0,39,34,5,0.872,24.93,11.6,17.0,3.0,16,0,7,3,3211,2691,1575,1109,2272,0.488,318,788,0.404,675,938,0.72,476,1577,720,212,142,442,536
243,Purdue Fort Wayne,23,694,337,357,0.486,-5.53,-2.98,0,2,0,0,0,0,36,23,13,0.639,-0.74,-6.09,11.0,9.0,11,5,10,8,2886,2577,1450,1043,2231,0.468,340,942,0.361,460,654,0.703,302,1173,490,332,111,375,612
244,Queens (NC),3,74,35,39,0.473,-8.12,-2.93,0,0,0,0,0,0,33,14,19,0.424,-8.75,-3.49,7.0,9.0,11,3,2,16,2643,2693,1320,928,2095,0.443,294,864,0.34,493,694,0.71,372,1220,435,230,91,377,573
245,Quinnipiac,27,787,384,403,0.488,-7.95,-6.48,0,2,0,0,0,0,34,24,10,0.706,-3.08,-7.32,15.0,5.0,13,3,10,5,2630,2422,1365,938,2089,0.449,254,723,0.351,500,645,0.775,369,1256,479,260,125,423,552
246,Radford,41,1217,636,581,0.523,-8.42,-6.64,0,6,3,3,0,0,33,16,17,0.485,-5.66,-3.47,5.0,11.0,8,5,4,12,2377,2361,1335,871,1907,0.457,238,655,0.363,397,537,0.739,339,1143,366,183,116,357,561
247,Rhode Island,119,2807,1589,1218,0.566,-0.85,-0.55,0,15,2,10,0,0,32,12,20,0.375,-2.26,2.87,6.0,12.0,9,8,3,8,2322,2443,1280,826,1800,0.459,209,599,0.349,461,713,0.647,332,1178,408,151,99,403,541
248,Rice,111,2723,1196,1527,0.439,-3.19,0.68,0,10,0,4,0,0,32,11,21,0.344,-3.22,1.97,5.0,13.0,6,10,5,7,2304,2421,1295,833,1880,0.443,251,744,0.337,387,557,0.695,330,1134,461,178,117,372,463
249,Richmond,113,2749,1477,1272,0.537,-1.79,-1.3,1,7,7,10,0,0,33,23,10,0.697,7.67,2.09,15.0,3.0,15,1,7,6,2372,2188,1325,874,1889,0.463,242,668,0.362,382,522,0.732,188,1081,436,220,97,285,468
250,Rider,62,1745,910,835,0.521,-7.36,-5.87,0,12,3,3,0,0,32,15,17,0.469,-5.73,-4.28,12.0,8.0,9,4,6,12,2309,2308,1295,836,1921,0.435,182,540,0.337,455,608,0.748,362,1202,427,210,124,398,560
251,Robert Morris,49,1443,693,750,0.48,-8.79,-6.64,0,11,9,8,0,0,32,10,22,0.313,-9.57,-4.31,6.0,14.0,7,9,3,13,2326,2425,1300,833,1927,0.432,273,812,0.336,387,540,0.717,391,1159,431,157,92,443,564
252,Rutgers,111,2617,1333,1284,0.509,-0.15,1.07,2,9,2,8,1,0,32,15,17,0.469,7.41,8.57,7.0,13.0,12,5,3,9,2092,2129,1285,750,1927,0.389,175,610,0.287,417,634,0.658,392,1188,377,247,167,365,541
253,Sacramento State,34,952,304,648,0.319,-11.73,-3.08,0,0,0,0,0,0,34,10,24,0.294,-10.87,-3.71,4.0,14.0,6,8,2,13,2282,2394,1360,798,1855,0.43,258,780,0.331,428,598,0.716,399,1209,444,178,93,495,577
254,Sacred Heart,26,751,298,453,0.397,-11.14,-7.31,0,0,0,0,0,0,32,16,16,0.5,-9.91,-9.45,10.0,6.0,11,5,4,11,2372,2313,1280,864,1898,0.455,237,650,0.365,407,586,0.695,300,1079,440,279,161,373,540
255,Saint Francis (PA),70,1897,839,1058,0.442,-9.42,-4.53,0,2,1,1,0,0,30,8,22,0.267,-18.6,-8.14,3.0,13.0,6,8,2,14,1955,2181,1205,713,1682,0.424,193,576,0.335,336,551,0.61,357,1038,367,178,107,412,532
256,Saint Joseph's,116,2932,1710,1222,0.583,3.69,1.83,6,20,6,21,1,0,35,21,14,0.6,6.59,1.67,9.0,9.0,14,3,3,10,2641,2469,1410,928,2084,0.445,351,996,0.352,434,598,0.726,353,1253,513,247,133,401,534
257,Saint Louis,109,2814,1530,1284,0.544,4.98,3.83,10,7,3,10,0,0,33,13,20,0.394,-1.57,4.15,5.0,13.0,8,8,3,9,2473,2620,1320,845,1873,0.451,259,705,0.367,524,699,0.75,287,1107,426,200,101,388,596
258,Saint Mary's (CA),116,2750,1468,1282,0.534,0.01,0.65,7,9,5,13,0,0,34,26,8,0.765,16.31,3.46,15.0,1.0,14,4,9,0,2516,2013,1370,936,2007,0.466,258,733,0.352,386,571,0.676,448,1345,550,223,130,347,556
259,Saint Peter's,60,1706,853,853,0.5,-5.05,-4.08,0,6,5,5,0,0,33,19,14,0.576,-4.58,-5.33,12.0,8.0,8,5,8,8,2140,2113,1325,720,1830,0.393,192,590,0.325,508,713,0.712,411,1161,350,235,137,414,640
260,Sam Houston,39,1151,620,531,0.539,-6.15,-4.85,0,7,2,2,0,0,33,21,12,0.636,-0.37,-1.72,13.0,3.0,12,2,7,9,2381,2282,1330,828,1948,0.425,245,697,0.352,480,663,0.724,393,1255,425,226,75,435,596
261,Samford,53,1519,687,832,0.452,-8.28,-5.07,0,5,3,3,0,0,35,29,6,0.829,6.32,-3.23,15.0,3.0,18,0,8,5,3012,2607,1400,1054,2152,0.49,351,889,0.395,553,765,0.723,371,1252,619,347,131,455,667
262,San Diego,46,1330,650,680,0.489,-0.8,0.69,0,2,2,4,0,0,33,18,15,0.545,-5.31,0.33,7.0,9.0,12,6,4,7,2392,2550,1320,849,1978,0.429,233,677,0.344,461,633,0.728,331,1128,432,239,126,437,628
263,San Diego State,55,1651,935,716,0.566,4.72,3.88,7,11,9,16,1,0,37,26,11,0.703,14.68,8.37,11.0,7.0,14,1,6,8,2742,2467,1505,954,2167,0.44,259,822,0.315,575,784,0.733,432,1398,481,275,149,413,647
264,San Francisco,98,2566,1492,1074,0.581,2.93,0.79,9,15,1,17,3,2,34,23,11,0.676,9.68,0.23,11.0,5.0,14,2,6,6,2643,2262,1370,995,2044,0.487,293,825,0.355,360,477,0.755,320,1159,554,279,117,392,622
265,San Jose State,75,2048,808,1240,0.395,-4.28,0.9,0,1,2,2,0,0,32,9,23,0.281,-3.82,3.28,2.0,16.0,6,9,1,12,2228,2403,1290,832,1856,0.448,267,778,0.343,297,423,0.702,252,986,433,165,106,336,547
266,Santa Clara,116,2762,1589,1173,0.575,1.66,0.77,2,11,2,11,1,0,33,20,13,0.606,5.39,1.73,10.0,6.0,11,4,5,6,2538,2384,1325,912,1984,0.46,271,766,0.354,443,620,0.715,397,1296,497,158,89,422,584
267,Seattle,43,1196,706,490,0.59,1.13,-1.03,5,1,0,11,1,0,37,23,14,0.622,4.03,-1.64,11.0,9.0,14,4,4,9,2730,2471,1510,956,2143,0.446,281,811,0.346,537,730,0.736,373,1369,481,215,106,470,683
268,Seton Hall,112,2766,1616,1149,0.584,4.03,3.82,8,4,3,14,1,0,37,25,12,0.676,12.67,8.8,13.0,7.0,17,3,5,7,2730,2587,1500,987,2184,0.452,229,681,0.336,527,674,0.782,445,1379,481,280,179,466,562
269,Siena,67,1830,990,840,0.541,-4.46,-3.62,1,11,6,6,0,0,32,4,28,0.125,-19.2,-5.2,3.0,17.0,2,12,2,13,1934,2382,1280,702,1758,0.399,169,603,0.28,361,541,0.667,375,1132,342,164,130,505,491
270,South Alabama,54,1573,885,688,0.563,-0.96,-1.83,0,12,5,8,0,0,32,16,16,0.5,-5.92,-3.37,8.0,10.0,11,6,5,9,2367,2421,1300,835,1886,0.443,239,692,0.345,458,611,0.75,254,1057,341,216,88,362,532
271,South Carolina,117,2839,1510,1328,0.532,4.31,3.63,9,6,2,10,1,0,34,26,8,0.765,10.98,6.48,13.0,5.0,14,3,8,3,2450,2297,1370,865,1970,0.439,274,809,0.339,446,627,0.711,387,1210,524,162,108,344,550
272,South Carolina State,54,1569,737,832,0.47,-13.5,-10.11,0,8,5,5,0,0,32,14,18,0.438,-11.85,-6.18,9.0,5.0,9,4,5,13,2245,2390,1290,784,1914,0.41,200,620,0.323,477,692,0.689,477,1203,435,267,111,487,666
273,South Carolina Upstate,15,456,186,270,0.408,-9.67,-3.9,0,0,0,0,0,0,30,10,20,0.333,-9.36,-3.02,5.0,11.0,6,7,4,12,2130,2188,1215,780,1753,0.445,230,691,0.333,340,530,0.642,262,950,375,217,96,346,589
274,South Dakota,15,445,225,220,0.506,-5.06,-3.31,0,1,0,0,0,0,32,12,20,0.375,-12.55,-5.41,5.0,11.0,9,6,2,12,2434,2535,1300,875,1916,0.457,251,669,0.375,433,583,0.743,334,1198,391,115,56,411,511
275,South Dakota State,17,534,353,181,0.661,2.23,-2.54,0,9,7,7,0,0,35,22,13,0.629,0.52,-2.7,12.0,4.0,11,3,6,5,2675,2490,1410,977,2029,0.482,300,823,0.365,421,593,0.71,289,1240,450,213,112,395,501
276,South Florida,52,1520,698,822,0.459,1.18,2.91,0,2,1,3,0,0,33,25,8,0.758,7.37,0.97,16.0,2.0,15,3,8,4,2499,2288,1320,837,1900,0.441,295,804,0.367,530,719,0.737,328,1189,491,229,112,356,568
277,Southeast Missouri State,34,992,410,582,0.413,-9.05,-4.92,0,1,2,2,0,0,31,9,22,0.29,-18.25,-6.55,4.0,14.0,8,7,1,14,2078,2278,1245,764,1848,0.413,192,631,0.304,358,512,0.699,279,984,383,178,78,371,606
278,Southeastern Louisiana,44,1262,554,708,0.439,-10.84,-6.28,0,5,1,1,0,0,32,15,17,0.469,-11.31,-6.14,10.0,8.0,9,4,6,10,2209,2271,1290,764,1769,0.432,235,677,0.347,446,613,0.728,343,1120,463,222,73,442,523
279,Southern,48,1400,727,673,0.519,-9.99,-9.56,0,8,9,9,0,0,32,18,14,0.563,-8.74,-6.09,12.0,6.0,11,2,7,11,2275,2198,1290,807,1829,0.441,221,684,0.323,440,653,0.674,312,1020,440,291,105,456,631
280,Southern California,119,3004,1734,1270,0.577,8.18,6.3,11,7,1,21,2,0,33,15,18,0.455,9.36,9.54,8.0,12.0,9,6,3,9,2446,2452,1340,872,1932,0.451,252,709,0.355,450,649,0.693,331,1123,515,247,172,418,560
281,Southern Illinois-Edwardsville,15,425,150,275,0.353,-11.58,-4.53,0,0,0,0,0,0,32,19,13,0.594,4.1,0.52,11.0,9.0,13,5,5,6,2325,2183,1300,791,1746,0.453,264,761,0.347,479,629,0.762,270,1055,456,175,98,356,579
282,Southern Indiana,3,73,28,45,0.384,-8.57,-4.36,0,0,0,0,0,0,32,8,24,0.25,-13.63,-5.59,5.0,13.0,5,10,3,13,2195,2335,1285,737,1811,0.407,215,664,0.324,506,679,0.745,319,1139,362,204,94,423,672
283,Southern Methodist,109,2725,1437,1288,0.527,2.99,1.92,5,15,3,12,1,0,33,20,13,0.606,10.22,2.56,11.0,7.0,14,3,5,8,2535,2271,1325,934,2089,0.447,251,735,0.341,416,606,0.686,480,1314,517,277,159,372,564
284,Southern Mississippi,53,1548,792,756,0.512,-0.05,1.48,1,3,0,3,0,0,32,16,16,0.5,-5.93,-2.93,9.0,9.0,11,3,5,9,2236,2273,1280,775,1826,0.424,201,614,0.327,485,693,0.7,343,1177,376,229,154,411,550
285,Southern Utah,37,1074,483,591,0.45,-6.59,-3.47,0,3,3,1,0,0,31,10,21,0.323,-5.72,-1.17,5.0,15.0,6,8,3,13,2326,2406,1245,820,1861,0.441,195,649,0.3,491,674,0.728,322,1049,375,202,92,373,548
286,St. Bonaventure,105,2558,1461,1097,0.571,2.38,1.55,6,8,2,8,1,0,33,20,13,0.606,6.77,1.95,9.0,9.0,11,4,5,6,2424,2265,1335,853,1872,0.456,251,687,0.365,467,603,0.774,320,1087,412,218,128,358,553
287,St. John's (NY),118,3095,1994,1101,0.644,8.73,5.13,15,14,3,30,2,0,33,20,13,0.606,16.49,9.58,11.0,9.0,13,5,5,6,2602,2374,1320,970,2139,0.453,237,696,0.341,425,584,0.728,476,1279,518,232,180,360,593
288,St. Thomas,4,105,54,51,0.514,-3.49,-4.62,0,0,0,0,0,0,33,20,13,0.606,-0.92,-5.72,9.0,7.0,12,2,6,9,2402,2140,1325,859,1824,0.471,299,829,0.361,385,528,0.729,255,1027,451,204,71,303,520
289,Stanford,110,2857,1614,1243,0.565,7.92,6.1,10,11,1,17,2,1,32,14,18,0.438,7.35,7.48,8.0,12.0,10,6,3,8,2443,2447,1300,882,1886,0.468,286,774,0.37,393,540,0.728,248,1097,515,176,99,410,490
290,Stephen F. Austin,39,1129,657,472,0.582,-5.09,-6.23,0,10,5,5,0,0,33,18,15,0.545,-0.95,-1.76,10.0,10.0,10,5,5,8,2463,2353,1345,849,1890,0.449,203,607,0.334,562,796,0.706,393,1184,422,295,93,530,697
291,Stetson,54,1537,700,837,0.455,-8.25,-4.38,0,0,1,1,0,0,35,22,13,0.629,-5.09,-3.24,11.0,5.0,14,2,6,10,2687,2566,1405,950,2053,0.463,313,857,0.365,474,619,0.766,339,1216,465,187,108,369,516
292,Stonehill,3,72,23,49,0.319,-13.98,-5.63,0,0,0,0,0,0,31,4,27,0.129,-20.1,-6.1,2.0,14.0,4,8,0,19,1967,2360,1245,714,1788,0.399,253,834,0.303,286,415,0.689,257,1020,366,198,77,421,477
293,Stony Brook,26,780,391,389,0.501,-6.82,-4.84,0,4,1,1,0,0,35,20,15,0.571,-2.59,-2.62,10.0,8.0,13,3,4,11,2573,2531,1430,921,2101,0.438,277,775,0.357,454,614,0.739,336,1280,424,211,113,359,532
294,Syracuse,124,3077,2098,979,0.682,9.56,4.11,30,10,5,41,6,1,32,20,12,0.625,8.53,9.4,11.0,9.0,14,2,4,7,2442,2420,1280,883,1915,0.461,219,651,0.336,457,634,0.721,277,1064,442,290,129,364,493
295,Tarleton State,5,130,69,61,0.531,-5.71,0.55,0,0,0,0,0,0,35,25,10,0.714,1.4,-0.97,16.0,4.0,13,4,10,5,2593,2402,1405,951,2091,0.455,203,623,0.326,488,645,0.757,379,1192,482,308,124,395,605
296,TCU,112,2792,1319,1473,0.472,0.92,2.27,4,11,0,11,0,0,34,21,13,0.618,14.62,7.32,9.0,9.0,12,4,6,5,2687,2439,1380,964,2089,0.461,224,632,0.354,535,732,0.731,433,1263,575,305,128,438,593
297,Temple,129,3156,1998,1158,0.633,6.18,2.63,9,20,10,33,2,0,36,16,20,0.444,-1.26,1.68,5.0,13.0,5,9,5,7,2551,2624,1470,876,2214,0.396,296,931,0.318,503,709,0.709,406,1304,402,265,105,357,610
298,Tennessee,116,2882,1778,1102,0.617,9.33,5.42,16,11,5,26,0,0,36,27,9,0.75,21.81,10.42,14.0,4.0,14,2,8,3,2836,2426,1440,979,2223,0.44,315,915,0.344,563,750,0.751,419,1393,600,280,166,367,629
299,Tennessee State,48,1366,586,780,0.429,-8.89,-5.0,0,2,2,2,0,0,33,18,15,0.545,-9.64,-7.64,10.0,8.0,11,3,5,10,2400,2343,1325,832,1881,0.442,217,667,0.325,519,687,0.755,327,1144,396,220,116,436,644
300,Tennessee Tech,71,1935,931,1004,0.481,-6.84,-3.62,0,7,1,2,0,0,31,10,21,0.323,-15.04,-6.29,5.0,13.0,7,8,3,13,2089,2289,1250,758,1692,0.448,202,608,0.332,371,522,0.711,191,957,379,156,90,369,421
301,Tennessee-Martin,33,956,372,584,0.389,-11.18,-4.25,0,4,0,0,0,0,32,21,11,0.656,-5.57,-7.25,14.0,4.0,12,2,9,7,2609,2455,1290,908,2045,0.444,279,779,0.358,514,667,0.771,325,1319,415,199,89,366,455
302,Texas,119,3046,1905,1141,0.625,6.97,3.83,14,25,4,38,3,0,34,21,13,0.618,15.91,9.41,9.0,9.0,14,4,4,6,2563,2342,1365,932,1988,0.469,245,691,0.355,454,600,0.757,339,1179,512,244,149,393,587
303,Texas A&M,113,2867,1528,1339,0.533,3.05,2.81,5,12,2,16,0,0,36,21,15,0.583,13.35,9.32,9.0,9.0,10,5,6,6,2736,2591,1450,926,2304,0.402,255,869,0.293,629,890,0.707,627,1541,412,250,108,346,611
304,Texas A&M-Corpus Christi,23,693,365,328,0.527,-6.08,-5.07,0,2,3,3,0,0,33,21,12,0.636,-4.45,-7.24,14.0,4.0,13,2,8,7,2480,2200,1335,889,2046,0.435,183,616,0.297,519,738,0.703,438,1328,485,291,96,400,689
305,Texas Southern,48,1426,707,719,0.496,-10.28,-7.92,0,12,11,11,0,0,33,16,17,0.485,-9.09,-7.03,12.0,6.0,7,4,6,11,2316,2346,1325,821,1980,0.415,242,766,0.316,432,597,0.724,365,1165,384,228,124,415,610
306,Texas State,41,1193,563,630,0.472,-7.46,-5.16,0,5,2,2,0,0,35,17,18,0.486,-3.71,-0.74,7.0,11.0,9,4,5,11,2445,2452,1410,883,1988,0.444,159,488,0.326,520,747,0.696,388,1243,413,258,118,470,617
307,Texas Tech,97,2620,1482,1138,0.566,5.16,2.81,8,13,5,20,1,0,34,23,11,0.676,14.96,9.28,11.0,7.0,15,2,4,6,2561,2368,1365,877,1943,0.451,289,804,0.359,518,664,0.78,338,1188,501,204,86,378,508
308,Texas-Rio Grande Valley,57,1590,675,915,0.425,-8.19,-2.94,0,0,0,0,0,0,31,6,25,0.194,-13.39,-0.9,2.0,18.0,5,9,1,14,2181,2473,1250,754,1801,0.419,160,547,0.293,513,728,0.705,290,1037,400,251,92,434,563
309,The Citadel,113,2520,1055,1465,0.419,-12.73,-5.33,0,0,0,0,0,0,32,11,21,0.344,-6.53,-2.91,3.0,15.0,7,7,2,13,2260,2289,1285,819,1782,0.46,197,600,0.328,425,602,0.706,300,1094,359,179,84,385,447
310,Toledo,110,2707,1570,1137,0.58,1.04,-0.38,2,16,1,4,0,0,32,20,12,0.625,1.78,-2.09,14.0,4.0,12,3,8,5,2560,2436,1290,920,1926,0.478,207,550,0.376,513,680,0.754,318,1081,430,233,64,342,498
311,Towson,46,1348,589,759,0.437,-7.1,-4.01,0,5,3,2,0,0,34,20,14,0.588,0.19,-2.27,11.0,7.0,12,2,6,6,2296,2164,1375,818,1934,0.423,216,659,0.328,444,672,0.661,491,1337,381,210,142,413,565
312,Troy,32,942,456,486,0.484,-6.67,-4.65,0,6,2,2,0,0,32,20,12,0.625,1.24,-3.17,13.0,5.0,15,2,5,9,2546,2261,1300,859,1950,0.441,276,787,0.351,552,753,0.733,427,1230,438,331,105,441,611
313,Tulane,115,2671,1293,1378,0.484,-0.89,1.22,1,7,0,3,0,0,31,14,17,0.452,3.65,2.68,5.0,13.0,11,6,2,8,2540,2481,1260,856,1798,0.476,233,653,0.357,595,813,0.732,217,1030,440,243,136,347,530
314,Tulsa,112,2762,1518,1244,0.55,4.58,3.05,5,11,6,16,0,0,31,16,15,0.516,-1.2,-1.0,7.0,11.0,14,4,2,9,2325,2290,1255,779,1775,0.439,239,731,0.327,528,717,0.736,270,1091,392,243,105,403,543
315,UAB,46,1467,925,542,0.631,6.31,2.26,2,7,7,17,0,0,35,23,12,0.657,5.14,3.73,12.0,6.0,12,5,7,5,2711,2627,1420,937,2085,0.449,215,658,0.327,622,834,0.746,451,1329,473,236,159,406,555
316,UC Davis,18,526,244,282,0.464,-5.42,-2.28,0,2,1,1,0,0,33,20,13,0.606,-1.33,-2.85,14.0,6.0,10,6,8,6,2351,2246,1330,799,1808,0.442,230,684,0.336,523,699,0.748,327,1102,411,257,116,444,633
317,UC Irvine,48,1430,735,695,0.514,-0.69,0.09,0,9,2,2,0,0,34,24,10,0.706,6.89,-0.93,17.0,3.0,13,0,8,9,2639,2321,1370,967,2035,0.475,197,565,0.349,508,675,0.753,360,1287,529,219,113,393,624
318,UC Riverside,24,693,270,423,0.39,-6.99,-1.82,0,0,0,0,0,0,34,16,18,0.471,-4.26,-1.23,10.0,10.0,10,5,4,12,2404,2448,1366,842,2122,0.397,287,904,0.317,433,604,0.717,420,1256,446,191,48,326,586
319,UC San Diego,5,117,57,60,0.487,-1.75,-0.85,0,0,0,0,0,0,33,21,12,0.636,2.04,-2.8,15.0,5.0,14,2,7,8,2530,2290,1335,884,1933,0.457,293,818,0.358,469,624,0.752,317,1147,429,205,91,320,532
320,UC Santa Barbara,62,1748,949,799,0.543,-0.06,-0.34,0,6,5,7,0,0,31,16,15,0.516,-3.19,-3.01,9.0,11.0,9,7,6,7,2337,2280,1250,826,1684,0.49,187,519,0.36,498,677,0.736,252,1081,417,152,99,405,511
321,UCF,41,1207,614,593,0.509,-2.41,-1.48,0,1,4,5,0,0,33,17,16,0.515,11.92,8.17,7.0,11.0,11,8,3,7,2366,2242,1325,817,1945,0.42,225,698,0.322,507,723,0.701,408,1243,375,287,165,413,601
322,UCLA,106,2922,2012,910,0.689,15.63,6.92,43,32,4,52,19,11,33,16,17,0.485,7.5,7.84,10.0,10.0,9,7,5,6,2177,2160,1320,762,1820,0.419,183,552,0.332,470,644,0.73,339,1115,368,192,109,358,609
323,UNC Asheville,39,1147,567,580,0.494,-9.15,-5.41,0,8,6,5,0,0,34,22,12,0.647,-1.92,-2.99,12.0,4.0,12,2,5,7,2682,2485,1375,906,1950,0.465,277,759,0.365,593,799,0.742,319,1182,534,203,146,403,581
324,UNC Greensboro,34,1021,507,514,0.497,-5.31,-3.88,0,7,4,4,0,0,32,21,11,0.656,-0.27,-2.9,12.0,6.0,11,3,7,7,2422,2233,1290,865,1878,0.461,322,812,0.397,370,507,0.73,319,1133,473,223,81,349,549
325,UNC Wilmington,49,1436,757,679,0.527,-2.75,-2.6,0,9,6,6,0,0,31,21,10,0.677,1.21,-2.9,12.0,6.0,10,2,10,6,2461,2202,1260,863,1871,0.461,258,741,0.348,477,628,0.76,330,1066,379,202,75,266,527
326,UT Arlington,57,1627,749,878,0.46,-7.57,-4.12,0,3,1,1,0,0,34,20,14,0.588,2.38,0.69,13.0,7.0,12,3,5,10,2614,2492,1365,880,1981,0.444,305,861,0.354,549,747,0.735,404,1275,536,241,130,526,706
327,Utah,117,2986,1903,1083,0.637,8.42,3.71,21,30,5,29,4,1,37,22,15,0.595,15.0,9.41,9.0,11.0,17,2,2,9,2915,2708,1495,1082,2309,0.469,345,933,0.37,406,625,0.65,370,1438,654,217,154,426,587
328,Utah State,120,2896,1727,1169,0.596,4.51,1.14,6,17,10,24,0,0,35,28,7,0.8,11.56,5.29,14.0,4.0,14,1,8,4,2788,2497,1420,999,2036,0.491,226,678,0.333,564,783,0.72,332,1254,572,238,148,385,594
329,Utah Tech,5,126,48,78,0.381,-8.15,-0.42,0,0,0,0,0,0,31,11,20,0.355,-8.08,-1.18,7.0,13.0,6,7,5,13,2194,2389,1250,771,1724,0.447,201,596,0.337,451,699,0.645,307,1070,401,205,133,495,647
330,Utah Valley,16,481,263,218,0.547,-4.23,-3.76,0,5,0,0,0,0,32,16,16,0.5,-1.33,-0.03,11.0,9.0,10,4,5,10,2199,2195,1290,801,1851,0.433,154,540,0.285,443,655,0.676,335,1179,477,222,143,395,578
331,UTEP,97,2501,1421,1080,0.568,2.51,0.64,4,11,5,17,1,1,34,18,16,0.529,-1.49,-1.3,7.0,9.0,13,5,2,9,2470,2348,1370,859,1922,0.447,194,609,0.319,558,809,0.69,361,1124,439,389,97,500,677
332,UTSA,44,1283,625,658,0.487,-5.96,-4.01,0,3,4,4,0,0,32,11,21,0.344,-5.26,-0.71,5.0,13.0,7,9,4,11,2483,2591,1300,837,2040,0.41,311,922,0.337,498,701,0.71,419,1289,444,161,133,360,573
333,Valparaiso,90,2299,1194,1105,0.519,-4.24,-1.5,0,14,10,9,0,0,32,7,25,0.219,-8.25,1.17,3.0,17.0,6,11,1,13,2163,2416,1280,796,1961,0.406,234,721,0.325,337,471,0.715,320,1064,384,197,113,353,521
334,Vanderbilt,123,2942,1683,1259,0.572,8.25,5.02,11,3,3,15,0,0,32,9,23,0.281,0.19,8.16,4.0,14.0,8,10,1,9,2173,2428,1285,748,1877,0.399,209,738,0.283,468,660,0.709,344,1102,300,196,92,333,489
335,Vermont,70,1905,1044,861,0.548,-9.27,-6.93,0,15,10,10,0,0,35,28,7,0.8,2.78,-3.31,15.0,1.0,16,1,10,4,2506,2205,1405,900,1980,0.455,300,878,0.342,406,567,0.716,268,1212,478,206,136,322,488
336,Villanova,105,2885,1891,994,0.655,10.53,5.81,26,14,8,41,7,3,34,18,16,0.529,14.44,9.82,10.0,10.0,10,6,4,8,2388,2231,1390,826,1945,0.425,315,933,0.338,421,521,0.808,288,1184,437,197,81,327,520
337,Virginia,120,2965,1747,1217,0.589,7.07,5.55,16,12,3,26,3,1,34,23,11,0.676,10.45,7.31,13.0,7.0,15,2,5,6,2140,2033,1375,808,1887,0.428,220,615,0.358,304,477,0.637,298,1107,509,239,169,274,460
338,Virginia Commonwealth,52,1587,1034,553,0.652,5.76,0.92,3,11,10,19,1,0,38,24,14,0.632,8.7,4.41,11.0,7.0,13,6,7,5,2697,2534,1530,906,2059,0.44,322,911,0.353,563,721,0.781,343,1336,515,246,167,462,625
339,Virginia Military Institute,117,2594,951,1643,0.367,-12.77,-4.58,1,2,3,3,0,0,32,4,28,0.125,-20.65,-2.44,1.0,17.0,4,10,0,15,2204,2644,1285,818,1935,0.423,210,673,0.312,358,517,0.692,299,1170,335,179,82,507,539
340,Virginia Tech,117,2849,1559,1290,0.547,4.2,1.78,3,2,2,13,0,0,34,19,15,0.559,11.91,7.97,10.0,10.0,15,2,2,10,2547,2413,1360,886,1905,0.465,276,792,0.348,499,629,0.793,263,1101,514,180,83,376,540
341,Wagner,53,1495,734,761,0.491,-9.68,-7.3,0,4,2,2,0,0,33,17,16,0.515,-10.64,-8.58,7.0,9.0,7,5,9,10,2103,2083,1335,758,1913,0.396,238,727,0.327,349,496,0.704,369,1183,421,195,76,326,507
342,Wake Forest,119,2939,1628,1311,0.554,8.01,6.12,17,4,5,23,1,0,35,21,14,0.6,14.94,7.52,11.0,9.0,17,2,2,9,2733,2473,1410,968,2042,0.474,278,764,0.364,519,653,0.795,296,1197,429,207,145,375,542
343,Washington,124,3145,1873,1272,0.596,7.42,6.13,8,12,3,17,1,0,32,17,15,0.531,11.85,8.38,9.0,11.0,11,6,5,6,2579,2468,1305,931,1980,0.47,258,728,0.354,459,636,0.722,301,1151,482,184,118,374,585
344,Washington State,124,3294,1694,1600,0.514,3.53,4.96,4,2,0,7,1,0,35,25,10,0.714,14.02,7.19,14.0,6.0,15,2,6,4,2574,2335,1410,948,2046,0.463,223,658,0.339,455,646,0.704,391,1317,435,181,172,383,582
345,Weber State,62,1809,1131,678,0.625,0.12,-2.54,1,22,10,16,0,0,32,20,12,0.625,-0.49,-4.15,11.0,7.0,12,2,7,7,2414,2161,1290,843,1797,0.469,251,721,0.348,477,637,0.749,248,1025,390,221,53,316,495
346,West Virginia,116,3037,1860,1177,0.612,7.61,3.18,19,16,13,31,2,0,32,9,23,0.281,3.73,10.76,4.0,14.0,9,9,0,9,2234,2459,1290,767,1784,0.43,233,667,0.349,467,662,0.705,293,1080,417,139,114,405,487
347,Western Carolina,49,1426,633,793,0.444,-8.45,-3.5,0,3,1,1,0,0,32,22,10,0.688,1.96,-3.35,11.0,7.0,12,3,10,6,2459,2198,1295,902,1963,0.46,261,713,0.366,394,553,0.712,335,1269,367,141,103,330,536
348,Western Illinois,44,1241,523,718,0.421,-8.76,-3.89,0,2,1,0,0,0,33,21,12,0.636,-8.75,-7.37,13.0,5.0,10,5,10,6,2272,2167,1330,826,1936,0.427,195,611,0.319,425,691,0.615,482,1397,421,173,185,436,470
349,Western Kentucky,104,2882,1895,987,0.658,3.31,-0.06,11,29,20,24,1,0,34,22,12,0.647,1.19,-2.91,8.0,8.0,12,2,6,7,2728,2531,1361,996,2138,0.466,233,686,0.34,503,699,0.72,361,1358,454,260,110,470,625
350,Western Michigan,112,2702,1383,1319,0.512,-3.15,-0.24,1,11,2,4,0,0,32,12,20,0.375,-9.3,-3.79,9.0,9.0,7,7,3,12,2281,2396,1295,828,1912,0.433,253,747,0.339,372,595,0.625,402,1212,418,169,87,428,550
351,Wichita State,118,2943,1678,1265,0.57,6.09,3.35,8,12,4,16,2,0,34,15,19,0.441,2.02,3.2,5.0,13.0,10,5,2,10,2475,2484,1370,935,2091,0.447,220,660,0.333,385,552,0.697,396,1339,413,213,142,419,522
352,William & Mary,120,2792,1292,1500,0.463,-5.73,-2.68,0,3,0,0,0,0,33,10,23,0.303,-11.33,-5.55,4.0,14.0,7,7,2,13,2305,2380,1325,787,1910,0.412,296,916,0.323,435,620,0.702,341,1161,407,156,56,357,560
353,Winthrop,39,1159,644,515,0.556,-6.78,-6.48,1,12,13,11,0,0,32,17,15,0.531,-1.97,-3.42,8.0,8.0,11,5,6,9,2475,2287,1310,818,1763,0.464,238,697,0.341,601,856,0.702,341,1134,380,201,89,415,570
354,Wisconsin,127,3003,1728,1275,0.575,9.08,7.87,18,20,3,27,4,1,36,22,14,0.611,16.01,11.35,11.0,9.0,14,3,3,9,2688,2520,1455,952,2067,0.461,256,734,0.349,528,699,0.755,362,1224,458,224,59,358,594
355,Wofford,30,901,457,444,0.507,-4.68,-2.43,1,4,5,5,0,0,32,17,15,0.531,-3.87,-1.6,10.0,8.0,11,2,6,9,2384,2362,1300,874,1905,0.459,306,852,0.359,330,532,0.62,337,1190,494,142,86,373,522
356,Wright State,38,1137,636,501,0.559,-1.25,-2.41,0,4,4,4,0,0,32,18,14,0.563,-0.22,-3.62,13.0,7.0,9,7,7,6,2767,2599,1295,1033,1948,0.53,218,569,0.383,483,638,0.757,290,1111,529,200,90,379,499
357,Wyoming,120,2886,1615,1271,0.56,2.61,2.65,4,21,3,16,1,1,32,15,17,0.469,0.54,4.57,8.0,10.0,9,5,3,10,2331,2383,1290,791,1755,0.451,241,648,0.372,508,686,0.741,307,1103,374,165,80,408,500
358,Xavier,104,2705,1618,1087,0.598,6.07,3.88,13,18,9,29,0,0,34,16,18,0.471,12.23,11.03,9.0,11.0,11,7,3,9,2579,2538,1360,923,2116,0.436,232,678,0.342,501,672,0.746,401,1297,551,236,115,396,572
359,Yale,129,3094,1570,1522,0.508,-5.87,-4.4,1,16,3,7,0,0,33,23,10,0.697,4.63,0.41,11.0,3.0,9,2,9,6,2465,2226,1340,919,1969,0.467,241,687,0.351,386,546,0.707,326,1205,495,204,105,316,499
360,Youngstown State,45,1300,533,767,0.41,-8.04,-3.51,0,1,0,0,0,0,32,22,10,0.688,0.97,-5.11,14.0,6.0,14,3,8,7,2598,2269,1290,931,2064,0.451,282,872,0.323,454,589,0.771,409,1279,490,198,156,353,520
